

Microchip MPLAB XC8 Assembler V2.46 build 20240104201356 
                                                                                               Wed Mar 04 16:05:12 2026

Microchip MPLAB XC8 C Compiler v2.46 (Free license) build 20240104201356 Og1 
     1                           	processor	16F1936
     2                           	pagewidth 120
     3                           	opt	flic
     4                           	psect	idataBANK1,global,class=CODE,delta=2,noexec
     5                           	psect	cinit,global,class=CODE,merge=1,delta=2
     6                           	psect	bssCOMMON,global,class=COMMON,space=1,delta=1,noexec
     7                           	psect	bssBANK0,global,class=BANK0,space=1,delta=1,noexec
     8                           	psect	dataBANK1,global,class=BANK1,space=1,delta=1,noexec
     9                           	psect	inittext,global,class=CODE,delta=2
    10                           	psect	clrtext,global,class=CODE,delta=2
    11                           	psect	cstackCOMMON,global,class=COMMON,space=1,delta=1,noexec
    12                           	psect	cstackBANK0,global,class=BANK0,space=1,delta=1,noexec
    13                           	psect	maintext,global,class=CODE,merge=1,split=1,delta=2
    14                           	psect	text1,local,class=CODE,merge=1,delta=2
    15                           	psect	text2,local,class=CODE,merge=1,delta=2
    16                           	psect	text3,local,class=CODE,merge=1,delta=2
    17                           	psect	text4,local,class=CODE,merge=1,delta=2
    18                           	psect	text5,local,class=CODE,merge=1,delta=2
    19                           	psect	text6,local,class=CODE,merge=1,delta=2
    20                           	psect	text7,local,class=CODE,merge=1,delta=2
    21                           	psect	text8,local,class=CODE,merge=1,delta=2
    22                           	psect	text9,local,class=CODE,merge=1,delta=2
    23                           	psect	text10,local,class=CODE,merge=1,delta=2
    24                           	psect	text11,local,class=CODE,merge=1,delta=2
    25                           	psect	text12,local,class=CODE,merge=1,delta=2
    26                           	psect	text13,local,class=CODE,merge=1,delta=2
    27                           	psect	text14,local,class=CODE,merge=1,delta=2
    28                           	psect	text15,local,class=CODE,merge=1,delta=2
    29                           	psect	text16,local,class=CODE,merge=1,delta=2
    30                           	psect	intentry,global,class=CODE,delta=2
    31                           	psect	text18,local,class=CODE,merge=1,delta=2
    32                           	psect	text19,local,class=CODE,merge=1,delta=2
    33                           	psect	text20,local,class=CODE,merge=1,delta=2
    34                           	psect	text21,local,class=CODE,merge=1,delta=2
    35                           	psect	text22,local,class=CODE,merge=1,delta=2
    36                           	psect	text23,local,class=CODE,merge=1,delta=2
    37                           	psect	config,global,abs,ovrld,class=CONFIG,space=4,delta=2,noexec
    38                           	dabs	1,0x7E,2
    39     0000                     
    40                           ; Version 2.20
    41                           ; Generated 12/02/2020 GMT
    42                           ; 
    43                           ; Copyright © 2020, Microchip Technology Inc. and its subsidiaries ("Microchip")
    44                           ; All rights reserved.
    45                           ; 
    46                           ; This software is developed by Microchip Technology Inc. and its subsidiaries ("Microch
      +                          ip").
    47                           ; 
    48                           ; Redistribution and use in source and binary forms, with or without modification, are
    49                           ; permitted provided that the following conditions are met:
    50                           ; 
    51                           ;     1. Redistributions of source code must retain the above copyright notice, this lis
      +                          t of
    52                           ;        conditions and the following disclaimer.
    53                           ; 
    54                           ;     2. Redistributions in binary form must reproduce the above copyright notice, this 
      +                          list
    55                           ;        of conditions and the following disclaimer in the documentation and/or other
    56                           ;        materials provided with the distribution.
    57                           ; 
    58                           ;     3. Microchip's name may not be used to endorse or promote products derived from th
      +                          is
    59                           ;        software without specific prior written permission.
    60                           ; 
    61                           ; THIS SOFTWARE IS PROVIDED BY MICROCHIP "AS IS" AND ANY EXPRESS OR IMPLIED WARRANTIES,
    62                           ; INCLUDING, BUT NOT LIMITED TO, THE IMPLIED WARRANTIES OF MERCHANTABILITY AND FITNESS F
      +                          OR
    63                           ; PURPOSE ARE DISCLAIMED.  IN NO EVENT SHALL MICROCHIP BE LIABLE FOR ANY DIRECT, INDIREC
      +                          T,
    64                           ; INCIDENTAL, SPECIAL, EXEMPLARY, OR CONSEQUENTIAL DAMAGES (INCLUDING BUT NOT LIMITED TO
    65                           ; PROCUREMENT OF SUBSTITUTE GOODS OR SERVICES; LOSS OF USE, DATA OR PROFITS; OR BUSINESS
    66                           ; INTERRUPTION) HOWSOEVER CAUSED AND ON ANY THEORY OF LIABILITY, WHETHER IN CONTRACT, ST
      +                          RICT
    67                           ; LIABILITY, OR TORT (INCLUDING NEGLIGENCE OR OTHERWISE) ARISING IN ANY WAY OUT OF THE U
      +                          SE OF
    68                           ; THIS SOFTWARE, EVEN IF ADVISED OF THE POSSIBILITY OF SUCH DAMAGE.
    69                           ; 
    70                           ; 
    71                           ; Code-generator required, PIC16F1936 Definitions
    72                           ; 
    73                           ; SFR Addresses
    74     0000                     	;# 
    75     0001                     	;# 
    76     0002                     	;# 
    77     0003                     	;# 
    78     0004                     	;# 
    79     0005                     	;# 
    80     0006                     	;# 
    81     0007                     	;# 
    82     0008                     	;# 
    83     0009                     	;# 
    84     000A                     	;# 
    85     000B                     	;# 
    86     000C                     	;# 
    87     000D                     	;# 
    88     000E                     	;# 
    89     0010                     	;# 
    90     0011                     	;# 
    91     0012                     	;# 
    92     0013                     	;# 
    93     0015                     	;# 
    94     0016                     	;# 
    95     0016                     	;# 
    96     0017                     	;# 
    97     0018                     	;# 
    98     0019                     	;# 
    99     001A                     	;# 
   100     001B                     	;# 
   101     001C                     	;# 
   102     001E                     	;# 
   103     001F                     	;# 
   104     008C                     	;# 
   105     008D                     	;# 
   106     008E                     	;# 
   107     0090                     	;# 
   108     0091                     	;# 
   109     0092                     	;# 
   110     0093                     	;# 
   111     0095                     	;# 
   112     0096                     	;# 
   113     0097                     	;# 
   114     0098                     	;# 
   115     0099                     	;# 
   116     009A                     	;# 
   117     009B                     	;# 
   118     009B                     	;# 
   119     009C                     	;# 
   120     009D                     	;# 
   121     009E                     	;# 
   122     010C                     	;# 
   123     010D                     	;# 
   124     010E                     	;# 
   125     0110                     	;# 
   126     0111                     	;# 
   127     0112                     	;# 
   128     0113                     	;# 
   129     0114                     	;# 
   130     0115                     	;# 
   131     0116                     	;# 
   132     0117                     	;# 
   133     0118                     	;# 
   134     0119                     	;# 
   135     011A                     	;# 
   136     011B                     	;# 
   137     011D                     	;# 
   138     018C                     	;# 
   139     018D                     	;# 
   140     0191                     	;# 
   141     0191                     	;# 
   142     0192                     	;# 
   143     0193                     	;# 
   144     0193                     	;# 
   145     0193                     	;# 
   146     0194                     	;# 
   147     0195                     	;# 
   148     0196                     	;# 
   149     0199                     	;# 
   150     019A                     	;# 
   151     019B                     	;# 
   152     019B                     	;# 
   153     019B                     	;# 
   154     019B                     	;# 
   155     019C                     	;# 
   156     019C                     	;# 
   157     019D                     	;# 
   158     019E                     	;# 
   159     019F                     	;# 
   160     020D                     	;# 
   161     0210                     	;# 
   162     0211                     	;# 
   163     0212                     	;# 
   164     0213                     	;# 
   165     0214                     	;# 
   166     0215                     	;# 
   167     0215                     	;# 
   168     0216                     	;# 
   169     0217                     	;# 
   170     0291                     	;# 
   171     0291                     	;# 
   172     0292                     	;# 
   173     0293                     	;# 
   174     0294                     	;# 
   175     0295                     	;# 
   176     0295                     	;# 
   177     0296                     	;# 
   178     0298                     	;# 
   179     0298                     	;# 
   180     0299                     	;# 
   181     029A                     	;# 
   182     029B                     	;# 
   183     029C                     	;# 
   184     029C                     	;# 
   185     029D                     	;# 
   186     029E                     	;# 
   187     029F                     	;# 
   188     0311                     	;# 
   189     0311                     	;# 
   190     0312                     	;# 
   191     0313                     	;# 
   192     0314                     	;# 
   193     0315                     	;# 
   194     0315                     	;# 
   195     0316                     	;# 
   196     0318                     	;# 
   197     0318                     	;# 
   198     0319                     	;# 
   199     031A                     	;# 
   200     031C                     	;# 
   201     031C                     	;# 
   202     031D                     	;# 
   203     031E                     	;# 
   204     0394                     	;# 
   205     0395                     	;# 
   206     0396                     	;# 
   207     0415                     	;# 
   208     0416                     	;# 
   209     0417                     	;# 
   210     041C                     	;# 
   211     041D                     	;# 
   212     041E                     	;# 
   213     0791                     	;# 
   214     0792                     	;# 
   215     0793                     	;# 
   216     0794                     	;# 
   217     0795                     	;# 
   218     0798                     	;# 
   219     0799                     	;# 
   220     07A0                     	;# 
   221     07A1                     	;# 
   222     07A3                     	;# 
   223     07A4                     	;# 
   224     07A6                     	;# 
   225     07A7                     	;# 
   226     07A9                     	;# 
   227     07AA                     	;# 
   228     0FE4                     	;# 
   229     0FE5                     	;# 
   230     0FE6                     	;# 
   231     0FE7                     	;# 
   232     0FE8                     	;# 
   233     0FE9                     	;# 
   234     0FEA                     	;# 
   235     0FEB                     	;# 
   236     0FED                     	;# 
   237     0FEE                     	;# 
   238     0FEF                     	;# 
   239     0000                     	;# 
   240     0001                     	;# 
   241     0002                     	;# 
   242     0003                     	;# 
   243     0004                     	;# 
   244     0005                     	;# 
   245     0006                     	;# 
   246     0007                     	;# 
   247     0008                     	;# 
   248     0009                     	;# 
   249     000A                     	;# 
   250     000B                     	;# 
   251     000C                     	;# 
   252     000D                     	;# 
   253     000E                     	;# 
   254     0010                     	;# 
   255     0011                     	;# 
   256     0012                     	;# 
   257     0013                     	;# 
   258     0015                     	;# 
   259     0016                     	;# 
   260     0016                     	;# 
   261     0017                     	;# 
   262     0018                     	;# 
   263     0019                     	;# 
   264     001A                     	;# 
   265     001B                     	;# 
   266     001C                     	;# 
   267     001E                     	;# 
   268     001F                     	;# 
   269     008C                     	;# 
   270     008D                     	;# 
   271     008E                     	;# 
   272     0090                     	;# 
   273     0091                     	;# 
   274     0092                     	;# 
   275     0093                     	;# 
   276     0095                     	;# 
   277     0096                     	;# 
   278     0097                     	;# 
   279     0098                     	;# 
   280     0099                     	;# 
   281     009A                     	;# 
   282     009B                     	;# 
   283     009B                     	;# 
   284     009C                     	;# 
   285     009D                     	;# 
   286     009E                     	;# 
   287     010C                     	;# 
   288     010D                     	;# 
   289     010E                     	;# 
   290     0110                     	;# 
   291     0111                     	;# 
   292     0112                     	;# 
   293     0113                     	;# 
   294     0114                     	;# 
   295     0115                     	;# 
   296     0116                     	;# 
   297     0117                     	;# 
   298     0118                     	;# 
   299     0119                     	;# 
   300     011A                     	;# 
   301     011B                     	;# 
   302     011D                     	;# 
   303     018C                     	;# 
   304     018D                     	;# 
   305     0191                     	;# 
   306     0191                     	;# 
   307     0192                     	;# 
   308     0193                     	;# 
   309     0193                     	;# 
   310     0193                     	;# 
   311     0194                     	;# 
   312     0195                     	;# 
   313     0196                     	;# 
   314     0199                     	;# 
   315     019A                     	;# 
   316     019B                     	;# 
   317     019B                     	;# 
   318     019B                     	;# 
   319     019B                     	;# 
   320     019C                     	;# 
   321     019C                     	;# 
   322     019D                     	;# 
   323     019E                     	;# 
   324     019F                     	;# 
   325     020D                     	;# 
   326     0210                     	;# 
   327     0211                     	;# 
   328     0212                     	;# 
   329     0213                     	;# 
   330     0214                     	;# 
   331     0215                     	;# 
   332     0215                     	;# 
   333     0216                     	;# 
   334     0217                     	;# 
   335     0291                     	;# 
   336     0291                     	;# 
   337     0292                     	;# 
   338     0293                     	;# 
   339     0294                     	;# 
   340     0295                     	;# 
   341     0295                     	;# 
   342     0296                     	;# 
   343     0298                     	;# 
   344     0298                     	;# 
   345     0299                     	;# 
   346     029A                     	;# 
   347     029B                     	;# 
   348     029C                     	;# 
   349     029C                     	;# 
   350     029D                     	;# 
   351     029E                     	;# 
   352     029F                     	;# 
   353     0311                     	;# 
   354     0311                     	;# 
   355     0312                     	;# 
   356     0313                     	;# 
   357     0314                     	;# 
   358     0315                     	;# 
   359     0315                     	;# 
   360     0316                     	;# 
   361     0318                     	;# 
   362     0318                     	;# 
   363     0319                     	;# 
   364     031A                     	;# 
   365     031C                     	;# 
   366     031C                     	;# 
   367     031D                     	;# 
   368     031E                     	;# 
   369     0394                     	;# 
   370     0395                     	;# 
   371     0396                     	;# 
   372     0415                     	;# 
   373     0416                     	;# 
   374     0417                     	;# 
   375     041C                     	;# 
   376     041D                     	;# 
   377     041E                     	;# 
   378     0791                     	;# 
   379     0792                     	;# 
   380     0793                     	;# 
   381     0794                     	;# 
   382     0795                     	;# 
   383     0798                     	;# 
   384     0799                     	;# 
   385     07A0                     	;# 
   386     07A1                     	;# 
   387     07A3                     	;# 
   388     07A4                     	;# 
   389     07A6                     	;# 
   390     07A7                     	;# 
   391     07A9                     	;# 
   392     07AA                     	;# 
   393     0FE4                     	;# 
   394     0FE5                     	;# 
   395     0FE6                     	;# 
   396     0FE7                     	;# 
   397     0FE8                     	;# 
   398     0FE9                     	;# 
   399     0FEA                     	;# 
   400     0FEB                     	;# 
   401     0FED                     	;# 
   402     0FEE                     	;# 
   403     0FEF                     	;# 
   404     0000                     	;# 
   405     0001                     	;# 
   406     0002                     	;# 
   407     0003                     	;# 
   408     0004                     	;# 
   409     0005                     	;# 
   410     0006                     	;# 
   411     0007                     	;# 
   412     0008                     	;# 
   413     0009                     	;# 
   414     000A                     	;# 
   415     000B                     	;# 
   416     000C                     	;# 
   417     000D                     	;# 
   418     000E                     	;# 
   419     0010                     	;# 
   420     0011                     	;# 
   421     0012                     	;# 
   422     0013                     	;# 
   423     0015                     	;# 
   424     0016                     	;# 
   425     0016                     	;# 
   426     0017                     	;# 
   427     0018                     	;# 
   428     0019                     	;# 
   429     001A                     	;# 
   430     001B                     	;# 
   431     001C                     	;# 
   432     001E                     	;# 
   433     001F                     	;# 
   434     008C                     	;# 
   435     008D                     	;# 
   436     008E                     	;# 
   437     0090                     	;# 
   438     0091                     	;# 
   439     0092                     	;# 
   440     0093                     	;# 
   441     0095                     	;# 
   442     0096                     	;# 
   443     0097                     	;# 
   444     0098                     	;# 
   445     0099                     	;# 
   446     009A                     	;# 
   447     009B                     	;# 
   448     009B                     	;# 
   449     009C                     	;# 
   450     009D                     	;# 
   451     009E                     	;# 
   452     010C                     	;# 
   453     010D                     	;# 
   454     010E                     	;# 
   455     0110                     	;# 
   456     0111                     	;# 
   457     0112                     	;# 
   458     0113                     	;# 
   459     0114                     	;# 
   460     0115                     	;# 
   461     0116                     	;# 
   462     0117                     	;# 
   463     0118                     	;# 
   464     0119                     	;# 
   465     011A                     	;# 
   466     011B                     	;# 
   467     011D                     	;# 
   468     018C                     	;# 
   469     018D                     	;# 
   470     0191                     	;# 
   471     0191                     	;# 
   472     0192                     	;# 
   473     0193                     	;# 
   474     0193                     	;# 
   475     0193                     	;# 
   476     0194                     	;# 
   477     0195                     	;# 
   478     0196                     	;# 
   479     0199                     	;# 
   480     019A                     	;# 
   481     019B                     	;# 
   482     019B                     	;# 
   483     019B                     	;# 
   484     019B                     	;# 
   485     019C                     	;# 
   486     019C                     	;# 
   487     019D                     	;# 
   488     019E                     	;# 
   489     019F                     	;# 
   490     020D                     	;# 
   491     0210                     	;# 
   492     0211                     	;# 
   493     0212                     	;# 
   494     0213                     	;# 
   495     0214                     	;# 
   496     0215                     	;# 
   497     0215                     	;# 
   498     0216                     	;# 
   499     0217                     	;# 
   500     0291                     	;# 
   501     0291                     	;# 
   502     0292                     	;# 
   503     0293                     	;# 
   504     0294                     	;# 
   505     0295                     	;# 
   506     0295                     	;# 
   507     0296                     	;# 
   508     0298                     	;# 
   509     0298                     	;# 
   510     0299                     	;# 
   511     029A                     	;# 
   512     029B                     	;# 
   513     029C                     	;# 
   514     029C                     	;# 
   515     029D                     	;# 
   516     029E                     	;# 
   517     029F                     	;# 
   518     0311                     	;# 
   519     0311                     	;# 
   520     0312                     	;# 
   521     0313                     	;# 
   522     0314                     	;# 
   523     0315                     	;# 
   524     0315                     	;# 
   525     0316                     	;# 
   526     0318                     	;# 
   527     0318                     	;# 
   528     0319                     	;# 
   529     031A                     	;# 
   530     031C                     	;# 
   531     031C                     	;# 
   532     031D                     	;# 
   533     031E                     	;# 
   534     0394                     	;# 
   535     0395                     	;# 
   536     0396                     	;# 
   537     0415                     	;# 
   538     0416                     	;# 
   539     0417                     	;# 
   540     041C                     	;# 
   541     041D                     	;# 
   542     041E                     	;# 
   543     0791                     	;# 
   544     0792                     	;# 
   545     0793                     	;# 
   546     0794                     	;# 
   547     0795                     	;# 
   548     0798                     	;# 
   549     0799                     	;# 
   550     07A0                     	;# 
   551     07A1                     	;# 
   552     07A3                     	;# 
   553     07A4                     	;# 
   554     07A6                     	;# 
   555     07A7                     	;# 
   556     07A9                     	;# 
   557     07AA                     	;# 
   558     0FE4                     	;# 
   559     0FE5                     	;# 
   560     0FE6                     	;# 
   561     0FE7                     	;# 
   562     0FE8                     	;# 
   563     0FE9                     	;# 
   564     0FEA                     	;# 
   565     0FEB                     	;# 
   566     0FED                     	;# 
   567     0FEE                     	;# 
   568     0FEF                     	;# 
   569     0000                     	;# 
   570     0001                     	;# 
   571     0002                     	;# 
   572     0003                     	;# 
   573     0004                     	;# 
   574     0005                     	;# 
   575     0006                     	;# 
   576     0007                     	;# 
   577     0008                     	;# 
   578     0009                     	;# 
   579     000A                     	;# 
   580     000B                     	;# 
   581     000C                     	;# 
   582     000D                     	;# 
   583     000E                     	;# 
   584     0010                     	;# 
   585     0011                     	;# 
   586     0012                     	;# 
   587     0013                     	;# 
   588     0015                     	;# 
   589     0016                     	;# 
   590     0016                     	;# 
   591     0017                     	;# 
   592     0018                     	;# 
   593     0019                     	;# 
   594     001A                     	;# 
   595     001B                     	;# 
   596     001C                     	;# 
   597     001E                     	;# 
   598     001F                     	;# 
   599     008C                     	;# 
   600     008D                     	;# 
   601     008E                     	;# 
   602     0090                     	;# 
   603     0091                     	;# 
   604     0092                     	;# 
   605     0093                     	;# 
   606     0095                     	;# 
   607     0096                     	;# 
   608     0097                     	;# 
   609     0098                     	;# 
   610     0099                     	;# 
   611     009A                     	;# 
   612     009B                     	;# 
   613     009B                     	;# 
   614     009C                     	;# 
   615     009D                     	;# 
   616     009E                     	;# 
   617     010C                     	;# 
   618     010D                     	;# 
   619     010E                     	;# 
   620     0110                     	;# 
   621     0111                     	;# 
   622     0112                     	;# 
   623     0113                     	;# 
   624     0114                     	;# 
   625     0115                     	;# 
   626     0116                     	;# 
   627     0117                     	;# 
   628     0118                     	;# 
   629     0119                     	;# 
   630     011A                     	;# 
   631     011B                     	;# 
   632     011D                     	;# 
   633     018C                     	;# 
   634     018D                     	;# 
   635     0191                     	;# 
   636     0191                     	;# 
   637     0192                     	;# 
   638     0193                     	;# 
   639     0193                     	;# 
   640     0193                     	;# 
   641     0194                     	;# 
   642     0195                     	;# 
   643     0196                     	;# 
   644     0199                     	;# 
   645     019A                     	;# 
   646     019B                     	;# 
   647     019B                     	;# 
   648     019B                     	;# 
   649     019B                     	;# 
   650     019C                     	;# 
   651     019C                     	;# 
   652     019D                     	;# 
   653     019E                     	;# 
   654     019F                     	;# 
   655     020D                     	;# 
   656     0210                     	;# 
   657     0211                     	;# 
   658     0212                     	;# 
   659     0213                     	;# 
   660     0214                     	;# 
   661     0215                     	;# 
   662     0215                     	;# 
   663     0216                     	;# 
   664     0217                     	;# 
   665     0291                     	;# 
   666     0291                     	;# 
   667     0292                     	;# 
   668     0293                     	;# 
   669     0294                     	;# 
   670     0295                     	;# 
   671     0295                     	;# 
   672     0296                     	;# 
   673     0298                     	;# 
   674     0298                     	;# 
   675     0299                     	;# 
   676     029A                     	;# 
   677     029B                     	;# 
   678     029C                     	;# 
   679     029C                     	;# 
   680     029D                     	;# 
   681     029E                     	;# 
   682     029F                     	;# 
   683     0311                     	;# 
   684     0311                     	;# 
   685     0312                     	;# 
   686     0313                     	;# 
   687     0314                     	;# 
   688     0315                     	;# 
   689     0315                     	;# 
   690     0316                     	;# 
   691     0318                     	;# 
   692     0318                     	;# 
   693     0319                     	;# 
   694     031A                     	;# 
   695     031C                     	;# 
   696     031C                     	;# 
   697     031D                     	;# 
   698     031E                     	;# 
   699     0394                     	;# 
   700     0395                     	;# 
   701     0396                     	;# 
   702     0415                     	;# 
   703     0416                     	;# 
   704     0417                     	;# 
   705     041C                     	;# 
   706     041D                     	;# 
   707     041E                     	;# 
   708     0791                     	;# 
   709     0792                     	;# 
   710     0793                     	;# 
   711     0794                     	;# 
   712     0795                     	;# 
   713     0798                     	;# 
   714     0799                     	;# 
   715     07A0                     	;# 
   716     07A1                     	;# 
   717     07A3                     	;# 
   718     07A4                     	;# 
   719     07A6                     	;# 
   720     07A7                     	;# 
   721     07A9                     	;# 
   722     07AA                     	;# 
   723     0FE4                     	;# 
   724     0FE5                     	;# 
   725     0FE6                     	;# 
   726     0FE7                     	;# 
   727     0FE8                     	;# 
   728     0FE9                     	;# 
   729     0FEA                     	;# 
   730     0FEB                     	;# 
   731     0FED                     	;# 
   732     0FEE                     	;# 
   733     0FEF                     	;# 
   734     0000                     	;# 
   735     0001                     	;# 
   736     0002                     	;# 
   737     0003                     	;# 
   738     0004                     	;# 
   739     0005                     	;# 
   740     0006                     	;# 
   741     0007                     	;# 
   742     0008                     	;# 
   743     0009                     	;# 
   744     000A                     	;# 
   745     000B                     	;# 
   746     000C                     	;# 
   747     000D                     	;# 
   748     000E                     	;# 
   749     0010                     	;# 
   750     0011                     	;# 
   751     0012                     	;# 
   752     0013                     	;# 
   753     0015                     	;# 
   754     0016                     	;# 
   755     0016                     	;# 
   756     0017                     	;# 
   757     0018                     	;# 
   758     0019                     	;# 
   759     001A                     	;# 
   760     001B                     	;# 
   761     001C                     	;# 
   762     001E                     	;# 
   763     001F                     	;# 
   764     008C                     	;# 
   765     008D                     	;# 
   766     008E                     	;# 
   767     0090                     	;# 
   768     0091                     	;# 
   769     0092                     	;# 
   770     0093                     	;# 
   771     0095                     	;# 
   772     0096                     	;# 
   773     0097                     	;# 
   774     0098                     	;# 
   775     0099                     	;# 
   776     009A                     	;# 
   777     009B                     	;# 
   778     009B                     	;# 
   779     009C                     	;# 
   780     009D                     	;# 
   781     009E                     	;# 
   782     010C                     	;# 
   783     010D                     	;# 
   784     010E                     	;# 
   785     0110                     	;# 
   786     0111                     	;# 
   787     0112                     	;# 
   788     0113                     	;# 
   789     0114                     	;# 
   790     0115                     	;# 
   791     0116                     	;# 
   792     0117                     	;# 
   793     0118                     	;# 
   794     0119                     	;# 
   795     011A                     	;# 
   796     011B                     	;# 
   797     011D                     	;# 
   798     018C                     	;# 
   799     018D                     	;# 
   800     0191                     	;# 
   801     0191                     	;# 
   802     0192                     	;# 
   803     0193                     	;# 
   804     0193                     	;# 
   805     0193                     	;# 
   806     0194                     	;# 
   807     0195                     	;# 
   808     0196                     	;# 
   809     0199                     	;# 
   810     019A                     	;# 
   811     019B                     	;# 
   812     019B                     	;# 
   813     019B                     	;# 
   814     019B                     	;# 
   815     019C                     	;# 
   816     019C                     	;# 
   817     019D                     	;# 
   818     019E                     	;# 
   819     019F                     	;# 
   820     020D                     	;# 
   821     0210                     	;# 
   822     0211                     	;# 
   823     0212                     	;# 
   824     0213                     	;# 
   825     0214                     	;# 
   826     0215                     	;# 
   827     0215                     	;# 
   828     0216                     	;# 
   829     0217                     	;# 
   830     0291                     	;# 
   831     0291                     	;# 
   832     0292                     	;# 
   833     0293                     	;# 
   834     0294                     	;# 
   835     0295                     	;# 
   836     0295                     	;# 
   837     0296                     	;# 
   838     0298                     	;# 
   839     0298                     	;# 
   840     0299                     	;# 
   841     029A                     	;# 
   842     029B                     	;# 
   843     029C                     	;# 
   844     029C                     	;# 
   845     029D                     	;# 
   846     029E                     	;# 
   847     029F                     	;# 
   848     0311                     	;# 
   849     0311                     	;# 
   850     0312                     	;# 
   851     0313                     	;# 
   852     0314                     	;# 
   853     0315                     	;# 
   854     0315                     	;# 
   855     0316                     	;# 
   856     0318                     	;# 
   857     0318                     	;# 
   858     0319                     	;# 
   859     031A                     	;# 
   860     031C                     	;# 
   861     031C                     	;# 
   862     031D                     	;# 
   863     031E                     	;# 
   864     0394                     	;# 
   865     0395                     	;# 
   866     0396                     	;# 
   867     0415                     	;# 
   868     0416                     	;# 
   869     0417                     	;# 
   870     041C                     	;# 
   871     041D                     	;# 
   872     041E                     	;# 
   873     0791                     	;# 
   874     0792                     	;# 
   875     0793                     	;# 
   876     0794                     	;# 
   877     0795                     	;# 
   878     0798                     	;# 
   879     0799                     	;# 
   880     07A0                     	;# 
   881     07A1                     	;# 
   882     07A3                     	;# 
   883     07A4                     	;# 
   884     07A6                     	;# 
   885     07A7                     	;# 
   886     07A9                     	;# 
   887     07AA                     	;# 
   888     0FE4                     	;# 
   889     0FE5                     	;# 
   890     0FE6                     	;# 
   891     0FE7                     	;# 
   892     0FE8                     	;# 
   893     0FE9                     	;# 
   894     0FEA                     	;# 
   895     0FEB                     	;# 
   896     0FED                     	;# 
   897     0FEE                     	;# 
   898     0FEF                     	;# 
   899     0000                     	;# 
   900     0001                     	;# 
   901     0002                     	;# 
   902     0003                     	;# 
   903     0004                     	;# 
   904     0005                     	;# 
   905     0006                     	;# 
   906     0007                     	;# 
   907     0008                     	;# 
   908     0009                     	;# 
   909     000A                     	;# 
   910     000B                     	;# 
   911     000C                     	;# 
   912     000D                     	;# 
   913     000E                     	;# 
   914     0010                     	;# 
   915     0011                     	;# 
   916     0012                     	;# 
   917     0013                     	;# 
   918     0015                     	;# 
   919     0016                     	;# 
   920     0016                     	;# 
   921     0017                     	;# 
   922     0018                     	;# 
   923     0019                     	;# 
   924     001A                     	;# 
   925     001B                     	;# 
   926     001C                     	;# 
   927     001E                     	;# 
   928     001F                     	;# 
   929     008C                     	;# 
   930     008D                     	;# 
   931     008E                     	;# 
   932     0090                     	;# 
   933     0091                     	;# 
   934     0092                     	;# 
   935     0093                     	;# 
   936     0095                     	;# 
   937     0096                     	;# 
   938     0097                     	;# 
   939     0098                     	;# 
   940     0099                     	;# 
   941     009A                     	;# 
   942     009B                     	;# 
   943     009B                     	;# 
   944     009C                     	;# 
   945     009D                     	;# 
   946     009E                     	;# 
   947     010C                     	;# 
   948     010D                     	;# 
   949     010E                     	;# 
   950     0110                     	;# 
   951     0111                     	;# 
   952     0112                     	;# 
   953     0113                     	;# 
   954     0114                     	;# 
   955     0115                     	;# 
   956     0116                     	;# 
   957     0117                     	;# 
   958     0118                     	;# 
   959     0119                     	;# 
   960     011A                     	;# 
   961     011B                     	;# 
   962     011D                     	;# 
   963     018C                     	;# 
   964     018D                     	;# 
   965     0191                     	;# 
   966     0191                     	;# 
   967     0192                     	;# 
   968     0193                     	;# 
   969     0193                     	;# 
   970     0193                     	;# 
   971     0194                     	;# 
   972     0195                     	;# 
   973     0196                     	;# 
   974     0199                     	;# 
   975     019A                     	;# 
   976     019B                     	;# 
   977     019B                     	;# 
   978     019B                     	;# 
   979     019B                     	;# 
   980     019C                     	;# 
   981     019C                     	;# 
   982     019D                     	;# 
   983     019E                     	;# 
   984     019F                     	;# 
   985     020D                     	;# 
   986     0210                     	;# 
   987     0211                     	;# 
   988     0212                     	;# 
   989     0213                     	;# 
   990     0214                     	;# 
   991     0215                     	;# 
   992     0215                     	;# 
   993     0216                     	;# 
   994     0217                     	;# 
   995     0291                     	;# 
   996     0291                     	;# 
   997     0292                     	;# 
   998     0293                     	;# 
   999     0294                     	;# 
  1000     0295                     	;# 
  1001     0295                     	;# 
  1002     0296                     	;# 
  1003     0298                     	;# 
  1004     0298                     	;# 
  1005     0299                     	;# 
  1006     029A                     	;# 
  1007     029B                     	;# 
  1008     029C                     	;# 
  1009     029C                     	;# 
  1010     029D                     	;# 
  1011     029E                     	;# 
  1012     029F                     	;# 
  1013     0311                     	;# 
  1014     0311                     	;# 
  1015     0312                     	;# 
  1016     0313                     	;# 
  1017     0314                     	;# 
  1018     0315                     	;# 
  1019     0315                     	;# 
  1020     0316                     	;# 
  1021     0318                     	;# 
  1022     0318                     	;# 
  1023     0319                     	;# 
  1024     031A                     	;# 
  1025     031C                     	;# 
  1026     031C                     	;# 
  1027     031D                     	;# 
  1028     031E                     	;# 
  1029     0394                     	;# 
  1030     0395                     	;# 
  1031     0396                     	;# 
  1032     0415                     	;# 
  1033     0416                     	;# 
  1034     0417                     	;# 
  1035     041C                     	;# 
  1036     041D                     	;# 
  1037     041E                     	;# 
  1038     0791                     	;# 
  1039     0792                     	;# 
  1040     0793                     	;# 
  1041     0794                     	;# 
  1042     0795                     	;# 
  1043     0798                     	;# 
  1044     0799                     	;# 
  1045     07A0                     	;# 
  1046     07A1                     	;# 
  1047     07A3                     	;# 
  1048     07A4                     	;# 
  1049     07A6                     	;# 
  1050     07A7                     	;# 
  1051     07A9                     	;# 
  1052     07AA                     	;# 
  1053     0FE4                     	;# 
  1054     0FE5                     	;# 
  1055     0FE6                     	;# 
  1056     0FE7                     	;# 
  1057     0FE8                     	;# 
  1058     0FE9                     	;# 
  1059     0FEA                     	;# 
  1060     0FEB                     	;# 
  1061     0FED                     	;# 
  1062     0FEE                     	;# 
  1063     0FEF                     	;# 
  1064     0000                     	;# 
  1065     0001                     	;# 
  1066     0002                     	;# 
  1067     0003                     	;# 
  1068     0004                     	;# 
  1069     0005                     	;# 
  1070     0006                     	;# 
  1071     0007                     	;# 
  1072     0008                     	;# 
  1073     0009                     	;# 
  1074     000A                     	;# 
  1075     000B                     	;# 
  1076     000C                     	;# 
  1077     000D                     	;# 
  1078     000E                     	;# 
  1079     0010                     	;# 
  1080     0011                     	;# 
  1081     0012                     	;# 
  1082     0013                     	;# 
  1083     0015                     	;# 
  1084     0016                     	;# 
  1085     0016                     	;# 
  1086     0017                     	;# 
  1087     0018                     	;# 
  1088     0019                     	;# 
  1089     001A                     	;# 
  1090     001B                     	;# 
  1091     001C                     	;# 
  1092     001E                     	;# 
  1093     001F                     	;# 
  1094     008C                     	;# 
  1095     008D                     	;# 
  1096     008E                     	;# 
  1097     0090                     	;# 
  1098     0091                     	;# 
  1099     0092                     	;# 
  1100     0093                     	;# 
  1101     0095                     	;# 
  1102     0096                     	;# 
  1103     0097                     	;# 
  1104     0098                     	;# 
  1105     0099                     	;# 
  1106     009A                     	;# 
  1107     009B                     	;# 
  1108     009B                     	;# 
  1109     009C                     	;# 
  1110     009D                     	;# 
  1111     009E                     	;# 
  1112     010C                     	;# 
  1113     010D                     	;# 
  1114     010E                     	;# 
  1115     0110                     	;# 
  1116     0111                     	;# 
  1117     0112                     	;# 
  1118     0113                     	;# 
  1119     0114                     	;# 
  1120     0115                     	;# 
  1121     0116                     	;# 
  1122     0117                     	;# 
  1123     0118                     	;# 
  1124     0119                     	;# 
  1125     011A                     	;# 
  1126     011B                     	;# 
  1127     011D                     	;# 
  1128     018C                     	;# 
  1129     018D                     	;# 
  1130     0191                     	;# 
  1131     0191                     	;# 
  1132     0192                     	;# 
  1133     0193                     	;# 
  1134     0193                     	;# 
  1135     0193                     	;# 
  1136     0194                     	;# 
  1137     0195                     	;# 
  1138     0196                     	;# 
  1139     0199                     	;# 
  1140     019A                     	;# 
  1141     019B                     	;# 
  1142     019B                     	;# 
  1143     019B                     	;# 
  1144     019B                     	;# 
  1145     019C                     	;# 
  1146     019C                     	;# 
  1147     019D                     	;# 
  1148     019E                     	;# 
  1149     019F                     	;# 
  1150     020D                     	;# 
  1151     0210                     	;# 
  1152     0211                     	;# 
  1153     0212                     	;# 
  1154     0213                     	;# 
  1155     0214                     	;# 
  1156     0215                     	;# 
  1157     0215                     	;# 
  1158     0216                     	;# 
  1159     0217                     	;# 
  1160     0291                     	;# 
  1161     0291                     	;# 
  1162     0292                     	;# 
  1163     0293                     	;# 
  1164     0294                     	;# 
  1165     0295                     	;# 
  1166     0295                     	;# 
  1167     0296                     	;# 
  1168     0298                     	;# 
  1169     0298                     	;# 
  1170     0299                     	;# 
  1171     029A                     	;# 
  1172     029B                     	;# 
  1173     029C                     	;# 
  1174     029C                     	;# 
  1175     029D                     	;# 
  1176     029E                     	;# 
  1177     029F                     	;# 
  1178     0311                     	;# 
  1179     0311                     	;# 
  1180     0312                     	;# 
  1181     0313                     	;# 
  1182     0314                     	;# 
  1183     0315                     	;# 
  1184     0315                     	;# 
  1185     0316                     	;# 
  1186     0318                     	;# 
  1187     0318                     	;# 
  1188     0319                     	;# 
  1189     031A                     	;# 
  1190     031C                     	;# 
  1191     031C                     	;# 
  1192     031D                     	;# 
  1193     031E                     	;# 
  1194     0394                     	;# 
  1195     0395                     	;# 
  1196     0396                     	;# 
  1197     0415                     	;# 
  1198     0416                     	;# 
  1199     0417                     	;# 
  1200     041C                     	;# 
  1201     041D                     	;# 
  1202     041E                     	;# 
  1203     0791                     	;# 
  1204     0792                     	;# 
  1205     0793                     	;# 
  1206     0794                     	;# 
  1207     0795                     	;# 
  1208     0798                     	;# 
  1209     0799                     	;# 
  1210     07A0                     	;# 
  1211     07A1                     	;# 
  1212     07A3                     	;# 
  1213     07A4                     	;# 
  1214     07A6                     	;# 
  1215     07A7                     	;# 
  1216     07A9                     	;# 
  1217     07AA                     	;# 
  1218     0FE4                     	;# 
  1219     0FE5                     	;# 
  1220     0FE6                     	;# 
  1221     0FE7                     	;# 
  1222     0FE8                     	;# 
  1223     0FE9                     	;# 
  1224     0FEA                     	;# 
  1225     0FEB                     	;# 
  1226     0FED                     	;# 
  1227     0FEE                     	;# 
  1228     0FEF                     	;# 
  1229     0000                     	;# 
  1230     0001                     	;# 
  1231     0002                     	;# 
  1232     0003                     	;# 
  1233     0004                     	;# 
  1234     0005                     	;# 
  1235     0006                     	;# 
  1236     0007                     	;# 
  1237     0008                     	;# 
  1238     0009                     	;# 
  1239     000A                     	;# 
  1240     000B                     	;# 
  1241     000C                     	;# 
  1242     000D                     	;# 
  1243     000E                     	;# 
  1244     0010                     	;# 
  1245     0011                     	;# 
  1246     0012                     	;# 
  1247     0013                     	;# 
  1248     0015                     	;# 
  1249     0016                     	;# 
  1250     0016                     	;# 
  1251     0017                     	;# 
  1252     0018                     	;# 
  1253     0019                     	;# 
  1254     001A                     	;# 
  1255     001B                     	;# 
  1256     001C                     	;# 
  1257     001E                     	;# 
  1258     001F                     	;# 
  1259     008C                     	;# 
  1260     008D                     	;# 
  1261     008E                     	;# 
  1262     0090                     	;# 
  1263     0091                     	;# 
  1264     0092                     	;# 
  1265     0093                     	;# 
  1266     0095                     	;# 
  1267     0096                     	;# 
  1268     0097                     	;# 
  1269     0098                     	;# 
  1270     0099                     	;# 
  1271     009A                     	;# 
  1272     009B                     	;# 
  1273     009B                     	;# 
  1274     009C                     	;# 
  1275     009D                     	;# 
  1276     009E                     	;# 
  1277     010C                     	;# 
  1278     010D                     	;# 
  1279     010E                     	;# 
  1280     0110                     	;# 
  1281     0111                     	;# 
  1282     0112                     	;# 
  1283     0113                     	;# 
  1284     0114                     	;# 
  1285     0115                     	;# 
  1286     0116                     	;# 
  1287     0117                     	;# 
  1288     0118                     	;# 
  1289     0119                     	;# 
  1290     011A                     	;# 
  1291     011B                     	;# 
  1292     011D                     	;# 
  1293     018C                     	;# 
  1294     018D                     	;# 
  1295     0191                     	;# 
  1296     0191                     	;# 
  1297     0192                     	;# 
  1298     0193                     	;# 
  1299     0193                     	;# 
  1300     0193                     	;# 
  1301     0194                     	;# 
  1302     0195                     	;# 
  1303     0196                     	;# 
  1304     0199                     	;# 
  1305     019A                     	;# 
  1306     019B                     	;# 
  1307     019B                     	;# 
  1308     019B                     	;# 
  1309     019B                     	;# 
  1310     019C                     	;# 
  1311     019C                     	;# 
  1312     019D                     	;# 
  1313     019E                     	;# 
  1314     019F                     	;# 
  1315     020D                     	;# 
  1316     0210                     	;# 
  1317     0211                     	;# 
  1318     0212                     	;# 
  1319     0213                     	;# 
  1320     0214                     	;# 
  1321     0215                     	;# 
  1322     0215                     	;# 
  1323     0216                     	;# 
  1324     0217                     	;# 
  1325     0291                     	;# 
  1326     0291                     	;# 
  1327     0292                     	;# 
  1328     0293                     	;# 
  1329     0294                     	;# 
  1330     0295                     	;# 
  1331     0295                     	;# 
  1332     0296                     	;# 
  1333     0298                     	;# 
  1334     0298                     	;# 
  1335     0299                     	;# 
  1336     029A                     	;# 
  1337     029B                     	;# 
  1338     029C                     	;# 
  1339     029C                     	;# 
  1340     029D                     	;# 
  1341     029E                     	;# 
  1342     029F                     	;# 
  1343     0311                     	;# 
  1344     0311                     	;# 
  1345     0312                     	;# 
  1346     0313                     	;# 
  1347     0314                     	;# 
  1348     0315                     	;# 
  1349     0315                     	;# 
  1350     0316                     	;# 
  1351     0318                     	;# 
  1352     0318                     	;# 
  1353     0319                     	;# 
  1354     031A                     	;# 
  1355     031C                     	;# 
  1356     031C                     	;# 
  1357     031D                     	;# 
  1358     031E                     	;# 
  1359     0394                     	;# 
  1360     0395                     	;# 
  1361     0396                     	;# 
  1362     0415                     	;# 
  1363     0416                     	;# 
  1364     0417                     	;# 
  1365     041C                     	;# 
  1366     041D                     	;# 
  1367     041E                     	;# 
  1368     0791                     	;# 
  1369     0792                     	;# 
  1370     0793                     	;# 
  1371     0794                     	;# 
  1372     0795                     	;# 
  1373     0798                     	;# 
  1374     0799                     	;# 
  1375     07A0                     	;# 
  1376     07A1                     	;# 
  1377     07A3                     	;# 
  1378     07A4                     	;# 
  1379     07A6                     	;# 
  1380     07A7                     	;# 
  1381     07A9                     	;# 
  1382     07AA                     	;# 
  1383     0FE4                     	;# 
  1384     0FE5                     	;# 
  1385     0FE6                     	;# 
  1386     0FE7                     	;# 
  1387     0FE8                     	;# 
  1388     0FE9                     	;# 
  1389     0FEA                     	;# 
  1390     0FEB                     	;# 
  1391     0FED                     	;# 
  1392     0FEE                     	;# 
  1393     0FEF                     	;# 
  1394     0000                     	;# 
  1395     0001                     	;# 
  1396     0002                     	;# 
  1397     0003                     	;# 
  1398     0004                     	;# 
  1399     0005                     	;# 
  1400     0006                     	;# 
  1401     0007                     	;# 
  1402     0008                     	;# 
  1403     0009                     	;# 
  1404     000A                     	;# 
  1405     000B                     	;# 
  1406     000C                     	;# 
  1407     000D                     	;# 
  1408     000E                     	;# 
  1409     0010                     	;# 
  1410     0011                     	;# 
  1411     0012                     	;# 
  1412     0013                     	;# 
  1413     0015                     	;# 
  1414     0016                     	;# 
  1415     0016                     	;# 
  1416     0017                     	;# 
  1417     0018                     	;# 
  1418     0019                     	;# 
  1419     001A                     	;# 
  1420     001B                     	;# 
  1421     001C                     	;# 
  1422     001E                     	;# 
  1423     001F                     	;# 
  1424     008C                     	;# 
  1425     008D                     	;# 
  1426     008E                     	;# 
  1427     0090                     	;# 
  1428     0091                     	;# 
  1429     0092                     	;# 
  1430     0093                     	;# 
  1431     0095                     	;# 
  1432     0096                     	;# 
  1433     0097                     	;# 
  1434     0098                     	;# 
  1435     0099                     	;# 
  1436     009A                     	;# 
  1437     009B                     	;# 
  1438     009B                     	;# 
  1439     009C                     	;# 
  1440     009D                     	;# 
  1441     009E                     	;# 
  1442     010C                     	;# 
  1443     010D                     	;# 
  1444     010E                     	;# 
  1445     0110                     	;# 
  1446     0111                     	;# 
  1447     0112                     	;# 
  1448     0113                     	;# 
  1449     0114                     	;# 
  1450     0115                     	;# 
  1451     0116                     	;# 
  1452     0117                     	;# 
  1453     0118                     	;# 
  1454     0119                     	;# 
  1455     011A                     	;# 
  1456     011B                     	;# 
  1457     011D                     	;# 
  1458     018C                     	;# 
  1459     018D                     	;# 
  1460     0191                     	;# 
  1461     0191                     	;# 
  1462     0192                     	;# 
  1463     0193                     	;# 
  1464     0193                     	;# 
  1465     0193                     	;# 
  1466     0194                     	;# 
  1467     0195                     	;# 
  1468     0196                     	;# 
  1469     0199                     	;# 
  1470     019A                     	;# 
  1471     019B                     	;# 
  1472     019B                     	;# 
  1473     019B                     	;# 
  1474     019B                     	;# 
  1475     019C                     	;# 
  1476     019C                     	;# 
  1477     019D                     	;# 
  1478     019E                     	;# 
  1479     019F                     	;# 
  1480     020D                     	;# 
  1481     0210                     	;# 
  1482     0211                     	;# 
  1483     0212                     	;# 
  1484     0213                     	;# 
  1485     0214                     	;# 
  1486     0215                     	;# 
  1487     0215                     	;# 
  1488     0216                     	;# 
  1489     0217                     	;# 
  1490     0291                     	;# 
  1491     0291                     	;# 
  1492     0292                     	;# 
  1493     0293                     	;# 
  1494     0294                     	;# 
  1495     0295                     	;# 
  1496     0295                     	;# 
  1497     0296                     	;# 
  1498     0298                     	;# 
  1499     0298                     	;# 
  1500     0299                     	;# 
  1501     029A                     	;# 
  1502     029B                     	;# 
  1503     029C                     	;# 
  1504     029C                     	;# 
  1505     029D                     	;# 
  1506     029E                     	;# 
  1507     029F                     	;# 
  1508     0311                     	;# 
  1509     0311                     	;# 
  1510     0312                     	;# 
  1511     0313                     	;# 
  1512     0314                     	;# 
  1513     0315                     	;# 
  1514     0315                     	;# 
  1515     0316                     	;# 
  1516     0318                     	;# 
  1517     0318                     	;# 
  1518     0319                     	;# 
  1519     031A                     	;# 
  1520     031C                     	;# 
  1521     031C                     	;# 
  1522     031D                     	;# 
  1523     031E                     	;# 
  1524     0394                     	;# 
  1525     0395                     	;# 
  1526     0396                     	;# 
  1527     0415                     	;# 
  1528     0416                     	;# 
  1529     0417                     	;# 
  1530     041C                     	;# 
  1531     041D                     	;# 
  1532     041E                     	;# 
  1533     0791                     	;# 
  1534     0792                     	;# 
  1535     0793                     	;# 
  1536     0794                     	;# 
  1537     0795                     	;# 
  1538     0798                     	;# 
  1539     0799                     	;# 
  1540     07A0                     	;# 
  1541     07A1                     	;# 
  1542     07A3                     	;# 
  1543     07A4                     	;# 
  1544     07A6                     	;# 
  1545     07A7                     	;# 
  1546     07A9                     	;# 
  1547     07AA                     	;# 
  1548     0FE4                     	;# 
  1549     0FE5                     	;# 
  1550     0FE6                     	;# 
  1551     0FE7                     	;# 
  1552     0FE8                     	;# 
  1553     0FE9                     	;# 
  1554     0FEA                     	;# 
  1555     0FEB                     	;# 
  1556     0FED                     	;# 
  1557     0FEE                     	;# 
  1558     0FEF                     	;# 
  1559     0000                     	;# 
  1560     0001                     	;# 
  1561     0002                     	;# 
  1562     0003                     	;# 
  1563     0004                     	;# 
  1564     0005                     	;# 
  1565     0006                     	;# 
  1566     0007                     	;# 
  1567     0008                     	;# 
  1568     0009                     	;# 
  1569     000A                     	;# 
  1570     000B                     	;# 
  1571     000C                     	;# 
  1572     000D                     	;# 
  1573     000E                     	;# 
  1574     0010                     	;# 
  1575     0011                     	;# 
  1576     0012                     	;# 
  1577     0013                     	;# 
  1578     0015                     	;# 
  1579     0016                     	;# 
  1580     0016                     	;# 
  1581     0017                     	;# 
  1582     0018                     	;# 
  1583     0019                     	;# 
  1584     001A                     	;# 
  1585     001B                     	;# 
  1586     001C                     	;# 
  1587     001E                     	;# 
  1588     001F                     	;# 
  1589     008C                     	;# 
  1590     008D                     	;# 
  1591     008E                     	;# 
  1592     0090                     	;# 
  1593     0091                     	;# 
  1594     0092                     	;# 
  1595     0093                     	;# 
  1596     0095                     	;# 
  1597     0096                     	;# 
  1598     0097                     	;# 
  1599     0098                     	;# 
  1600     0099                     	;# 
  1601     009A                     	;# 
  1602     009B                     	;# 
  1603     009B                     	;# 
  1604     009C                     	;# 
  1605     009D                     	;# 
  1606     009E                     	;# 
  1607     010C                     	;# 
  1608     010D                     	;# 
  1609     010E                     	;# 
  1610     0110                     	;# 
  1611     0111                     	;# 
  1612     0112                     	;# 
  1613     0113                     	;# 
  1614     0114                     	;# 
  1615     0115                     	;# 
  1616     0116                     	;# 
  1617     0117                     	;# 
  1618     0118                     	;# 
  1619     0119                     	;# 
  1620     011A                     	;# 
  1621     011B                     	;# 
  1622     011D                     	;# 
  1623     018C                     	;# 
  1624     018D                     	;# 
  1625     0191                     	;# 
  1626     0191                     	;# 
  1627     0192                     	;# 
  1628     0193                     	;# 
  1629     0193                     	;# 
  1630     0193                     	;# 
  1631     0194                     	;# 
  1632     0195                     	;# 
  1633     0196                     	;# 
  1634     0199                     	;# 
  1635     019A                     	;# 
  1636     019B                     	;# 
  1637     019B                     	;# 
  1638     019B                     	;# 
  1639     019B                     	;# 
  1640     019C                     	;# 
  1641     019C                     	;# 
  1642     019D                     	;# 
  1643     019E                     	;# 
  1644     019F                     	;# 
  1645     020D                     	;# 
  1646     0210                     	;# 
  1647     0211                     	;# 
  1648     0212                     	;# 
  1649     0213                     	;# 
  1650     0214                     	;# 
  1651     0215                     	;# 
  1652     0215                     	;# 
  1653     0216                     	;# 
  1654     0217                     	;# 
  1655     0291                     	;# 
  1656     0291                     	;# 
  1657     0292                     	;# 
  1658     0293                     	;# 
  1659     0294                     	;# 
  1660     0295                     	;# 
  1661     0295                     	;# 
  1662     0296                     	;# 
  1663     0298                     	;# 
  1664     0298                     	;# 
  1665     0299                     	;# 
  1666     029A                     	;# 
  1667     029B                     	;# 
  1668     029C                     	;# 
  1669     029C                     	;# 
  1670     029D                     	;# 
  1671     029E                     	;# 
  1672     029F                     	;# 
  1673     0311                     	;# 
  1674     0311                     	;# 
  1675     0312                     	;# 
  1676     0313                     	;# 
  1677     0314                     	;# 
  1678     0315                     	;# 
  1679     0315                     	;# 
  1680     0316                     	;# 
  1681     0318                     	;# 
  1682     0318                     	;# 
  1683     0319                     	;# 
  1684     031A                     	;# 
  1685     031C                     	;# 
  1686     031C                     	;# 
  1687     031D                     	;# 
  1688     031E                     	;# 
  1689     0394                     	;# 
  1690     0395                     	;# 
  1691     0396                     	;# 
  1692     0415                     	;# 
  1693     0416                     	;# 
  1694     0417                     	;# 
  1695     041C                     	;# 
  1696     041D                     	;# 
  1697     041E                     	;# 
  1698     0791                     	;# 
  1699     0792                     	;# 
  1700     0793                     	;# 
  1701     0794                     	;# 
  1702     0795                     	;# 
  1703     0798                     	;# 
  1704     0799                     	;# 
  1705     07A0                     	;# 
  1706     07A1                     	;# 
  1707     07A3                     	;# 
  1708     07A4                     	;# 
  1709     07A6                     	;# 
  1710     07A7                     	;# 
  1711     07A9                     	;# 
  1712     07AA                     	;# 
  1713     0FE4                     	;# 
  1714     0FE5                     	;# 
  1715     0FE6                     	;# 
  1716     0FE7                     	;# 
  1717     0FE8                     	;# 
  1718     0FE9                     	;# 
  1719     0FEA                     	;# 
  1720     0FEB                     	;# 
  1721     0FED                     	;# 
  1722     0FEE                     	;# 
  1723     0FEF                     	;# 
  1724                           
  1725                           	psect	idataBANK1
  1726     02EA                     __pidataBANK1:
  1727                           
  1728                           ;initializer for _CS
  1729     02EA  344C               	retlw	76
  1730     02EB  349F               	retlw	159
  1731     02EC  34ED               	retlw	237
  1732     02ED  343E               	retlw	62
  1733     02EE  3466               	retlw	102
  1734     02EF  34B5               	retlw	181
  1735     02F0  34C7               	retlw	199
  1736     02F1  3414               	retlw	20
  1737     02F2  3459               	retlw	89
  1738     02F3  348A               	retlw	138
  1739     02F4  34F8               	retlw	248
  1740     02F5  342B               	retlw	43
  1741     02F6  3473               	retlw	115
  1742     02F7  34A0               	retlw	160
  1743     02F8  34D2               	retlw	210
  1744     02F9  3401               	retlw	1
  1745     02FA  348E               	retlw	142
  1746     02FB  345D               	retlw	93
  1747     02FC  342F               	retlw	47
  1748     02FD  34FC               	retlw	252
  1749     02FE  34A4               	retlw	164
  1750     02FF  3477               	retlw	119
  1751     0300  3405               	retlw	5
  1752     0301  34D6               	retlw	214
  1753     0302  349B               	retlw	155
  1754     0303  3448               	retlw	72
  1755     0304  343A               	retlw	58
  1756     0305  34E9               	retlw	233
  1757     0306  34B1               	retlw	177
  1758     0307  3462               	retlw	98
  1759     0308  3410               	retlw	16
  1760     0309  34C3               	retlw	195
  1761     030A  342D               	retlw	45
  1762     030B  34FE               	retlw	254
  1763     030C  348C               	retlw	140
  1764     030D  345F               	retlw	95
  1765     030E  3407               	retlw	7
  1766     030F  34D4               	retlw	212
  1767     0310  34A6               	retlw	166
  1768     0311  3475               	retlw	117
  1769     0312  3438               	retlw	56
  1770     0313  34EB               	retlw	235
  1771     0314  3499               	retlw	153
  1772     0315  344A               	retlw	74
  1773     0316  3412               	retlw	18
  1774     0317  34C1               	retlw	193
  1775     0318  34B3               	retlw	179
  1776     0319  3460               	retlw	96
  1777     031A  34EF               	retlw	239
  1778     031B  343C               	retlw	60
  1779     031C  344E               	retlw	78
  1780     031D  349D               	retlw	157
  1781     031E  34C5               	retlw	197
  1782     031F  3416               	retlw	22
  1783     0320  3464               	retlw	100
  1784     0321  34B7               	retlw	183
  1785     0322  34FA               	retlw	250
  1786     0323  3429               	retlw	41
  1787     0324  345B               	retlw	91
  1788     0325  3488               	retlw	136
  1789     0326  34D0               	retlw	208
  1790     0327  3403               	retlw	3
  1791     0328  3471               	retlw	113
  1792     0329  34A2               	retlw	162
  1793     000D                     _PORTBbits	set	13
  1794     001C                     _T2CON	set	28
  1795     001A                     _TMR2	set	26
  1796     001B                     _PR2	set	27
  1797     0015                     _TMR0	set	21
  1798     0018                     _T1CON	set	24
  1799     0011                     _PIR1bits	set	17
  1800     0016                     _TMR1L	set	22
  1801     0017                     _TMR1H	set	23
  1802     0019                     _T1GCON	set	25
  1803     0013                     _PIR3bits	set	19
  1804     000B                     _INTCONbits	set	11
  1805     0095                     _OPTION_REG	set	149
  1806     0095                     _OPTION_REGbits	set	149
  1807     008E                     _TRISC	set	142
  1808     008D                     _TRISB	set	141
  1809     008C                     _TRISA	set	140
  1810     0090                     _TRISE	set	144
  1811     0093                     _PIE3bits	set	147
  1812     0097                     _WDTCON	set	151
  1813     0098                     _OSCTUNE	set	152
  1814     0099                     _OSCCON	set	153
  1815     04D6                     _PLLR	set	1238
  1816     010D                     _LATBbits	set	269
  1817     010E                     _LATCbits	set	270
  1818     010C                     _LATAbits	set	268
  1819     011D                     _APFCON	set	285
  1820     010E                     _LATC	set	270
  1821     010D                     _LATB	set	269
  1822     010C                     _LATA	set	268
  1823     0110                     _LATE	set	272
  1824     0116                     _BORCON	set	278
  1825     018C                     _ANSELA	set	396
  1826     018D                     _ANSELB	set	397
  1827     020D                     _WPUB	set	525
  1828     0210                     _WPUE	set	528
  1829     029E                     _CCPTMRS0bits	set	670
  1830     0291                     _CCPR1L	set	657
  1831     0292                     _CCPR1H	set	658
  1832     0296                     _PSTR1CON	set	662
  1833     0294                     _PWM1CON	set	660
  1834     0295                     _ECCP1AS	set	661
  1835     0293                     _CCP1CON	set	659
  1836     0311                     _CCPR3L	set	785
  1837     0312                     _CCPR3H	set	786
  1838     0313                     _CCP3CON	set	787
  1839                           
  1840                           	psect	cinit
  1841     0028                     start_initialization:	
  1842                           ; #config settings
  1843                           
  1844     0028                     __initialization:
  1845                           
  1846                           ; Initialize objects allocated to BANK1
  1847     0028  30EA               	movlw	low __pidataBANK1
  1848     0029  0084               	movwf	4
  1849     002A  3082               	movlw	(high __pidataBANK1)| (0+128)
  1850     002B  0085               	movwf	5
  1851     002C  30A0               	movlw	low __pdataBANK1
  1852     002D  0086               	movwf	6
  1853     002E  3000               	movlw	high __pdataBANK1
  1854     002F  0087               	movwf	7
  1855     0030  3040               	movlw	64
  1856     0031  3184  24F0  3180   	fcall	init_ram
  1857                           
  1858                           ; Clear objects allocated to COMMON
  1859     0034  01F0               	clrf	__pbssCOMMON& (0+127)
  1860     0035  01F1               	clrf	(__pbssCOMMON+1)& (0+127)
  1861     0036  01F2               	clrf	(__pbssCOMMON+2)& (0+127)
  1862     0037  01F3               	clrf	(__pbssCOMMON+3)& (0+127)
  1863     0038  01F4               	clrf	(__pbssCOMMON+4)& (0+127)
  1864     0039  01F5               	clrf	(__pbssCOMMON+5)& (0+127)
  1865                           
  1866                           ; Clear objects allocated to BANK0
  1867     003A  3020               	movlw	low __pbssBANK0
  1868     003B  0084               	movwf	4
  1869     003C  3000               	movlw	high __pbssBANK0
  1870     003D  0085               	movwf	5
  1871     003E  3025               	movlw	37
  1872     003F  3184  24F6  3180   	fcall	clear_ram0
  1873     0042                     end_of_initialization:	
  1874                           ;End of C runtime variable initialization code
  1875                           
  1876     0042                     __end_of__initialization:
  1877     0042  107E               	bcf	int$flags,0	;clear compiler interrupt flag (level 1)
  1878     0043  0020               	movlb	0
  1879     0044  3183  2B2A         	ljmp	_main	;jump to C main() function
  1880                           
  1881                           	psect	bssCOMMON
  1882     0070                     __pbssCOMMON:
  1883     0070                     ECCP3_CallBack@falling_edge_time:
  1884     0070                     	ds	2
  1885     0072                     ECCP3_CallBack@LO_us:
  1886     0072                     	ds	1
  1887     0073                     ECCP3_CallBack@HI_us:
  1888     0073                     	ds	1
  1889     0074                     _D2:
  1890     0074                     	ds	1
  1891     0075                     _rx_data:
  1892     0075                     	ds	1
  1893                           
  1894                           	psect	bssBANK0
  1895     0020                     __pbssBANK0:
  1896     0020                     _data_buf:
  1897     0020                     	ds	11
  1898     002B                     ECCP3_CallBack@rising_edge_time:
  1899     002B                     	ds	2
  1900     002D                     ECCP3_CallBack@pluse_width_HI:
  1901     002D                     	ds	2
  1902     002F                     ECCP3_CallBack@pluse_width_LO:
  1903     002F                     	ds	2
  1904     0031                     TMR0_ISR@CountCallBack:
  1905     0031                     	ds	2
  1906     0033                     _TMR0_InterruptHandler:
  1907     0033                     	ds	2
  1908     0035                     _timer1ReloadVal:
  1909     0035                     	ds	2
  1910     0037                     ECCP3_CallBack@data_cnt:
  1911     0037                     	ds	1
  1912     0038                     ECCP3_CallBack@fHead:
  1913     0038                     	ds	1
  1914     0039                     ECCP3_CallBack@rise_edge_flag:
  1915     0039                     	ds	1
  1916     003A                     ECCP3_CallBack@diff_us:
  1917     003A                     	ds	1
  1918     003B                     _fLampSide:
  1919     003B                     	ds	1
  1920     003C                     _fException2:
  1921     003C                     	ds	1
  1922     003D                     _fException:
  1923     003D                     	ds	1
  1924     003E                     _T10MS_CNT:
  1925     003E                     	ds	1
  1926     003F                     _csFlag:
  1927     003F                     	ds	1
  1928     0040                     _D3:
  1929     0040                     	ds	1
  1930     0041                     _step:
  1931     0041                     	ds	1
  1932     0042                     _fFrame_OK:
  1933     0042                     	ds	1
  1934     0043                     _data_1byte_OK:
  1935     0043                     	ds	1
  1936     0044                     _timer0ReloadVal:
  1937     0044                     	ds	1
  1938                           
  1939                           	psect	dataBANK1
  1940     00A0                     __pdataBANK1:
  1941     00A0                     _CS:
  1942     00A0                     	ds	64
  1943                           
  1944                           	psect	inittext
  1945     04F0                     init_ram:
  1946     04F0  00FE               	movwf	btemp
  1947     04F1                     initloop:
  1948     04F1  0012               	moviw fsr0++
  1949     04F2  001E               	movwi fsr1++
  1950     04F3  0BFE               	decfsz	btemp,f
  1951     04F4  2CF1               	goto	initloop
  1952     04F5  3400               	retlw	0
  1953                           
  1954                           	psect	clrtext
  1955     04F6                     clear_ram0:	
  1956                           ;	Called with FSR0 containing the base address, and
  1957                           ;	WREG with the size to clear
  1958                           
  1959     04F6  0064               	clrwdt	;clear the watchdog before getting into this loop
  1960     04F7                     clrloop0:
  1961     04F7  0180               	clrf	0	;clear RAM location pointed to by FSR
  1962     04F8  3101               	addfsr 0,1
  1963     04F9  0B89               	decfsz	9,f	;Have we reached the end of clearing yet?
  1964     04FA  2CF7               	goto	clrloop0	;have we reached the end yet?
  1965     04FB  3400               	retlw	0	;all done for this memory range, return
  1966                           
  1967                           	psect	cstackCOMMON
  1968     0076                     __pcstackCOMMON:
  1969     0076                     ?_PIN_MANAGER_Initialize:
  1970     0076                     ?_OSCILLATOR_Initialize:	
  1971                           ; 1 bytes @ 0x0
  1972                           
  1973     0076                     ?_WDT_Initialize:	
  1974                           ; 1 bytes @ 0x0
  1975                           
  1976     0076                     ?_EPWM1_Initialize:	
  1977                           ; 1 bytes @ 0x0
  1978                           
  1979     0076                     ?_TMR2_Initialize:	
  1980                           ; 1 bytes @ 0x0
  1981                           
  1982     0076                     ?_ECCP3_Initialize:	
  1983                           ; 1 bytes @ 0x0
  1984                           
  1985     0076                     ?_TMR1_Initialize:	
  1986                           ; 1 bytes @ 0x0
  1987                           
  1988     0076                     ?_TMR0_Initialize:	
  1989                           ; 1 bytes @ 0x0
  1990                           
  1991     0076                     ?_TMR0_ISR:	
  1992                           ; 1 bytes @ 0x0
  1993                           
  1994     0076                     ?_ECCP3_CaptureISR:	
  1995                           ; 1 bytes @ 0x0
  1996                           
  1997     0076                     ?_TMR0_DefaultInterruptHandler:	
  1998                           ; 1 bytes @ 0x0
  1999                           
  2000     0076                     ??_TMR0_DefaultInterruptHandler:	
  2001                           ; 1 bytes @ 0x0
  2002                           
  2003     0076                     ?_TMR0_CallBack:	
  2004                           ; 1 bytes @ 0x0
  2005                           
  2006     0076                     ?_ECCP3_CallBack:	
  2007                           ; 1 bytes @ 0x0
  2008                           
  2009     0076                     ?_SYSTEM_Initialize:	
  2010                           ; 1 bytes @ 0x0
  2011                           
  2012     0076                     ?_INTERRUPT_InterruptManager:	
  2013                           ; 1 bytes @ 0x0
  2014                           
  2015     0076                     ?_Exception_handling:	
  2016                           ; 1 bytes @ 0x0
  2017                           
  2018     0076                     ?_DRL_ON:	
  2019                           ; 1 bytes @ 0x0
  2020                           
  2021     0076                     ?_LED_output:	
  2022                           ; 1 bytes @ 0x0
  2023                           
  2024     0076                     ?_check_input:	
  2025                           ; 1 bytes @ 0x0
  2026                           
  2027     0076                     ?_getFrameData:	
  2028                           ; 1 bytes @ 0x0
  2029                           
  2030     0076                     ?_TMR0_EvenHandler:	
  2031                           ; 1 bytes @ 0x0
  2032                           
  2033     0076                     ??_TMR0_EvenHandler:	
  2034                           ; 1 bytes @ 0x0
  2035                           
  2036     0076                     ?_main:	
  2037                           ; 1 bytes @ 0x0
  2038                           
  2039     0076                     ECCP3_CallBack@capturedValue:	
  2040                           ; 2 bytes @ 0x0
  2041                           
  2042                           
  2043                           ; 2 bytes @ 0x0
  2044     0076                     	ds	1
  2045     0077                     ??_TMR0_ISR:
  2046     0077                     ??_TMR0_CallBack:	
  2047                           ; 1 bytes @ 0x1
  2048                           
  2049                           
  2050                           ; 1 bytes @ 0x1
  2051     0077                     	ds	1
  2052     0078                     ??_ECCP3_CallBack:
  2053                           
  2054                           ; 1 bytes @ 0x2
  2055     0078                     	ds	2
  2056     007A                     ??_ECCP3_CaptureISR:
  2057     007A                     ECCP3_CaptureISR@module:	
  2058                           ; 1 bytes @ 0x4
  2059                           
  2060                           
  2061                           ; 2 bytes @ 0x4
  2062     007A                     	ds	2
  2063     007C                     ??_INTERRUPT_InterruptManager:
  2064                           
  2065                           	psect	cstackBANK0
  2066     0045                     __pcstackBANK0:	
  2067                           ; 1 bytes @ 0x6
  2068                           
  2069     0045                     ??_PIN_MANAGER_Initialize:
  2070     0045                     ??_OSCILLATOR_Initialize:	
  2071                           ; 1 bytes @ 0x0
  2072                           
  2073     0045                     ??_WDT_Initialize:	
  2074                           ; 1 bytes @ 0x0
  2075                           
  2076     0045                     ??_EPWM1_Initialize:	
  2077                           ; 1 bytes @ 0x0
  2078                           
  2079     0045                     ??_TMR2_Initialize:	
  2080                           ; 1 bytes @ 0x0
  2081                           
  2082     0045                     ??_ECCP3_Initialize:	
  2083                           ; 1 bytes @ 0x0
  2084                           
  2085     0045                     ??_TMR1_Initialize:	
  2086                           ; 1 bytes @ 0x0
  2087                           
  2088     0045                     ?_TMR0_SetInterruptHandler:	
  2089                           ; 1 bytes @ 0x0
  2090                           
  2091     0045                     ?_EPWM1_LoadDutyValue:	
  2092                           ; 1 bytes @ 0x0
  2093                           
  2094     0045                     ??_check_input:	
  2095                           ; 1 bytes @ 0x0
  2096                           
  2097     0045                     ??_getFrameData:	
  2098                           ; 1 bytes @ 0x0
  2099                           
  2100     0045                     TMR0_SetInterruptHandler@InterruptHandler:	
  2101                           ; 1 bytes @ 0x0
  2102                           
  2103     0045                     EPWM1_LoadDutyValue@dutyValue:	
  2104                           ; 2 bytes @ 0x0
  2105                           
  2106                           
  2107                           ; 2 bytes @ 0x0
  2108     0045                     	ds	2
  2109     0047                     ??_TMR0_Initialize:
  2110     0047                     ??_TMR0_SetInterruptHandler:	
  2111                           ; 1 bytes @ 0x2
  2112                           
  2113     0047                     ??_SYSTEM_Initialize:	
  2114                           ; 1 bytes @ 0x2
  2115                           
  2116     0047                     ??_EPWM1_LoadDutyValue:	
  2117                           ; 1 bytes @ 0x2
  2118                           
  2119                           
  2120                           ; 1 bytes @ 0x2
  2121     0047                     	ds	2
  2122     0049                     ??_Exception_handling:
  2123     0049                     ??_DRL_ON:	
  2124                           ; 1 bytes @ 0x4
  2125                           
  2126     0049                     DRL_ON@pwm_duty:	
  2127                           ; 1 bytes @ 0x4
  2128                           
  2129                           
  2130                           ; 2 bytes @ 0x4
  2131     0049                     	ds	2
  2132     004B                     ??_LED_output:
  2133                           
  2134                           ; 1 bytes @ 0x6
  2135     004B                     	ds	1
  2136     004C                     LED_output@crc8:
  2137                           
  2138                           ; 1 bytes @ 0x7
  2139     004C                     	ds	1
  2140     004D                     LED_output@i:
  2141                           
  2142                           ; 1 bytes @ 0x8
  2143     004D                     	ds	1
  2144     004E                     ??_main:
  2145                           
  2146                           	psect	maintext
  2147     032A                     __pmaintext:	
  2148                           ; 1 bytes @ 0x9
  2149 ;;
  2150 ;;Main: autosize = 0, tempsize = 0, incstack = 0, save=0
  2151 ;;
  2152 ;; *************** function _main *****************
  2153 ;; Defined at:
  2154 ;;		line 621 in file "main.c"
  2155 ;; Parameters:    Size  Location     Type
  2156 ;;		None
  2157 ;; Auto vars:     Size  Location     Type
  2158 ;;		None
  2159 ;; Return value:  Size  Location     Type
  2160 ;;                  2  456[None  ] int 
  2161 ;; Registers used:
  2162 ;;		wreg, fsr0l, fsr0h, fsr1l, fsr1h, status,2, status,0, pclath, cstack
  2163 ;; Tracked objects:
  2164 ;;		On entry : B1F/0
  2165 ;;		On exit  : 0/0
  2166 ;;		Unchanged: 0/0
  2167 ;; Data sizes:     COMMON   BANK0   BANK1   BANK2   BANK3   BANK4   BANK5   BANK6
  2168 ;;      Params:         0       0       0       0       0       0       0       0
  2169 ;;      Locals:         0       0       0       0       0       0       0       0
  2170 ;;      Temps:          0       0       0       0       0       0       0       0
  2171 ;;      Totals:         0       0       0       0       0       0       0       0
  2172 ;;Total ram usage:        0 bytes
  2173 ;; Hardware stack levels required when called: 7
  2174 ;; This function calls:
  2175 ;;		_EPWM1_LoadDutyValue
  2176 ;;		_Exception_handling
  2177 ;;		_LED_output
  2178 ;;		_SYSTEM_Initialize
  2179 ;;		_TMR0_SetInterruptHandler
  2180 ;;		_check_input
  2181 ;;		_getFrameData
  2182 ;; This function is called by:
  2183 ;;		Startup code after reset
  2184 ;; This function uses a non-reentrant model
  2185 ;;
  2186                           
  2187     032A                     _main:	
  2188                           ;psect for function _main
  2189                           
  2190     032A                     l2358:	
  2191                           ;incstack = 0
  2192                           ; Regs used in _main: [wreg-fsr1h+status,2+status,0+pclath+cstack]
  2193                           
  2194                           
  2195                           ;main.c: 623:   SYSTEM_Initialize();
  2196     032A  3184  2448  3183   	fcall	_SYSTEM_Initialize
  2197                           
  2198                           ;main.c: 624:   TMR0_SetInterruptHandler(TMR0_EvenHandler);
  2199     032D  308D               	movlw	low _TMR0_EvenHandler
  2200     032E  0020               	movlb	0	; select bank0
  2201     032F  00C5               	movwf	TMR0_SetInterruptHandler@InterruptHandler
  2202     0330  3004               	movlw	high _TMR0_EvenHandler
  2203     0331  00C6               	movwf	TMR0_SetInterruptHandler@InterruptHandler+1
  2204     0332  3184  24FC  3183   	fcall	_TMR0_SetInterruptHandler
  2205     0335                     l2360:
  2206                           
  2207                           ;main.c: 630:   (INTCONbits.GIE = 1);
  2208     0335  178B               	bsf	11,7	;volatile
  2209     0336                     l2362:
  2210                           
  2211                           ;main.c: 633:   (INTCONbits.PEIE = 1);
  2212     0336  170B               	bsf	11,6	;volatile
  2213     0337                     l2364:
  2214                           
  2215                           ;main.c: 637:     if (PORTBbits.RB3 == 0)
  2216     0337  0020               	movlb	0	; select bank0
  2217     0338  198D               	btfsc	13,3	;volatile
  2218     0339  2B3B               	goto	u3201
  2219     033A  2B3C               	goto	u3200
  2220     033B                     u3201:
  2221     033B  2B3E               	goto	l458
  2222     033C                     u3200:
  2223     033C                     l2366:
  2224                           
  2225                           ;main.c: 638:       fLampSide = 0;
  2226     033C  01BB               	clrf	_fLampSide
  2227     033D  2B40               	goto	l2368
  2228     033E                     l458:	
  2229                           ;main.c: 639:     else
  2230                           
  2231                           
  2232                           ;main.c: 640:       fLampSide = 1;
  2233     033E  01BB               	clrf	_fLampSide
  2234     033F  0ABB               	incf	_fLampSide,f
  2235     0340                     l2368:
  2236                           
  2237                           ;main.c: 642:     getFrameData();
  2238     0340  3182  2279  3183   	fcall	_getFrameData
  2239     0343                     l2370:
  2240                           
  2241                           ;main.c: 643:     check_input();
  2242     0343  3183  23E0  3183   	fcall	_check_input
  2243     0346                     l2372:
  2244                           
  2245                           ;main.c: 645:     Exception_handling();
  2246     0346  3183  23A6  3183   	fcall	_Exception_handling
  2247     0349                     l2374:
  2248                           
  2249                           ;main.c: 646:     if (fException2 == 0) {
  2250     0349  0020               	movlb	0	; select bank0
  2251     034A  083C               	movf	_fException2,w
  2252     034B  1D03               	btfss	3,2
  2253     034C  2B4E               	goto	u3211
  2254     034D  2B4F               	goto	u3210
  2255     034E                     u3211:
  2256     034E  2B5A               	goto	l2382
  2257     034F                     u3210:
  2258     034F                     l2376:
  2259                           
  2260                           ;main.c: 647:       if (fException == 1) {
  2261     034F  033D               	decf	_fException,w
  2262     0350  1D03               	btfss	3,2
  2263     0351  2B53               	goto	u3221
  2264     0352  2B54               	goto	u3220
  2265     0353                     u3221:
  2266     0353  2B56               	goto	l2380
  2267     0354                     u3220:
  2268     0354                     l2378:
  2269                           
  2270                           ;main.c: 649:         fException = 0;
  2271     0354  01BD               	clrf	_fException
  2272                           
  2273                           ;main.c: 650:       } else
  2274     0355  2B37               	goto	l2364
  2275     0356                     l2380:
  2276                           
  2277                           ;main.c: 651:         LED_output();
  2278     0356  3180  2046  3183   	fcall	_LED_output
  2279     0359  2B37               	goto	l2364
  2280     035A                     l2382:
  2281                           
  2282                           ;main.c: 654:       fException2 = 0;
  2283     035A  01BC               	clrf	_fException2
  2284     035B                     l2384:
  2285     035B  0022               	movlb	2	; select bank2
  2286     035C  158C               	bsf	12,3	;volatile
  2287     035D                     l2386:
  2288     035D  100C               	bcf	12,0	;volatile
  2289     035E                     l2388:
  2290     035E  148E               	bsf	14,1	;volatile
  2291     035F                     l2390:
  2292                           
  2293                           ;main.c: 658:       EPWM1_LoadDutyValue((50));
  2294     035F  3032               	movlw	50
  2295     0360  0020               	movlb	0	; select bank0
  2296     0361  00C5               	movwf	EPWM1_LoadDutyValue@dutyValue
  2297     0362  3000               	movlw	0
  2298     0363  00C6               	movwf	EPWM1_LoadDutyValue@dutyValue+1
  2299     0364  3184  2411  3183   	fcall	_EPWM1_LoadDutyValue
  2300     0367  2B37               	goto	l2364
  2301     0368  3180  2826         	ljmp	start
  2302     036A                     __end_of_main:
  2303                           
  2304                           	psect	text1
  2305     0279                     __ptext1:	
  2306 ;; *************** function _getFrameData *****************
  2307 ;; Defined at:
  2308 ;;		line 467 in file "main.c"
  2309 ;; Parameters:    Size  Location     Type
  2310 ;;		None
  2311 ;; Auto vars:     Size  Location     Type
  2312 ;;		None
  2313 ;; Return value:  Size  Location     Type
  2314 ;;                  1    wreg      void 
  2315 ;; Registers used:
  2316 ;;		wreg, fsr0l, fsr0h, status,2, status,0
  2317 ;; Tracked objects:
  2318 ;;		On entry : 0/0
  2319 ;;		On exit  : 0/0
  2320 ;;		Unchanged: 0/0
  2321 ;; Data sizes:     COMMON   BANK0   BANK1   BANK2   BANK3   BANK4   BANK5   BANK6
  2322 ;;      Params:         0       0       0       0       0       0       0       0
  2323 ;;      Locals:         0       0       0       0       0       0       0       0
  2324 ;;      Temps:          0       0       0       0       0       0       0       0
  2325 ;;      Totals:         0       0       0       0       0       0       0       0
  2326 ;;Total ram usage:        0 bytes
  2327 ;; Hardware stack levels used: 1
  2328 ;; Hardware stack levels required when called: 4
  2329 ;; This function calls:
  2330 ;;		Nothing
  2331 ;; This function is called by:
  2332 ;;		_main
  2333 ;; This function uses a non-reentrant model
  2334 ;;
  2335                           
  2336     0279                     _getFrameData:	
  2337                           ;psect for function _getFrameData
  2338                           
  2339     0279                     l2312:	
  2340                           ;incstack = 0
  2341                           ; Regs used in _getFrameData: [wreg-fsr0h+status,2+status,0]
  2342                           
  2343                           
  2344                           ;main.c: 468:   if (data_1byte_OK == 1) {
  2345     0279  0020               	movlb	0	; select bank0
  2346     027A  0343               	decf	_data_1byte_OK,w	;volatile
  2347     027B  1D03               	btfss	3,2
  2348     027C  2A7E               	goto	u3171
  2349     027D  2A7F               	goto	u3170
  2350     027E                     u3171:
  2351     027E  2AE9               	goto	l407
  2352     027F                     u3170:
  2353     027F                     l2314:
  2354                           
  2355                           ;main.c: 469:     data_1byte_OK = 0;
  2356     027F  01C3               	clrf	_data_1byte_OK	;volatile
  2357                           
  2358                           ;main.c: 472:     switch (step) {
  2359     0280  2AC6               	goto	l2356
  2360     0281                     l2316:
  2361                           
  2362                           ;main.c: 474:       if (rx_data == 0xC8) {
  2363     0281  30C8               	movlw	200
  2364     0282  0675               	xorwf	_rx_data,w
  2365     0283  1D03               	btfss	3,2
  2366     0284  2A86               	goto	u3181
  2367     0285  2A87               	goto	u3180
  2368     0286                     u3181:
  2369     0286  2A8C               	goto	l2322
  2370     0287                     u3180:
  2371     0287                     l2318:
  2372                           
  2373                           ;main.c: 475:         step = 1;
  2374     0287  01C1               	clrf	_step
  2375     0288  0AC1               	incf	_step,f
  2376     0289                     l2320:
  2377                           
  2378                           ;main.c: 476:         data_buf[0] = rx_data;
  2379     0289  0875               	movf	_rx_data,w
  2380     028A  00A0               	movwf	_data_buf
  2381                           
  2382                           ;main.c: 477:       } else {
  2383     028B  2AE9               	goto	l407
  2384     028C                     l2322:
  2385                           
  2386                           ;main.c: 478:         step = 0;
  2387     028C  01C1               	clrf	_step
  2388     028D  2AE9               	goto	l407
  2389     028E                     l2324:
  2390                           
  2391                           ;main.c: 482:       if (rx_data == 0x8B) {
  2392     028E  308B               	movlw	139
  2393     028F  0675               	xorwf	_rx_data,w
  2394     0290  1D03               	btfss	3,2
  2395     0291  2A93               	goto	u3191
  2396     0292  2A94               	goto	u3190
  2397     0293                     u3191:
  2398     0293  2A8C               	goto	l2322
  2399     0294                     u3190:
  2400     0294                     l2326:
  2401                           
  2402                           ;main.c: 483:         data_buf[1] = rx_data;
  2403     0294  0875               	movf	_rx_data,w
  2404     0295  00A1               	movwf	_data_buf+1
  2405                           
  2406                           ;main.c: 484:         step = 2;
  2407     0296  3002               	movlw	2
  2408     0297  00C1               	movwf	_step
  2409                           
  2410                           ;main.c: 485:       } else {
  2411     0298  2AE9               	goto	l407
  2412     0299                     l2330:
  2413                           
  2414                           ;main.c: 490:       data_buf[2] = rx_data;
  2415     0299  0875               	movf	_rx_data,w
  2416     029A  00A2               	movwf	_data_buf+2
  2417                           
  2418                           ;main.c: 491:       step = 3;
  2419     029B  3003               	movlw	3
  2420     029C  00C1               	movwf	_step
  2421                           
  2422                           ;main.c: 492:       break;
  2423     029D  2AE9               	goto	l407
  2424     029E                     l2332:
  2425                           
  2426                           ;main.c: 494:       data_buf[3] = rx_data;
  2427     029E  0875               	movf	_rx_data,w
  2428     029F  00A3               	movwf	_data_buf+3
  2429                           
  2430                           ;main.c: 495:       step = 4;
  2431     02A0  3004               	movlw	4
  2432     02A1  00C1               	movwf	_step
  2433                           
  2434                           ;main.c: 496:       break;
  2435     02A2  2AE9               	goto	l407
  2436     02A3                     l2334:
  2437                           
  2438                           ;main.c: 498:       data_buf[4] = rx_data;
  2439     02A3  0875               	movf	_rx_data,w
  2440     02A4  00A4               	movwf	_data_buf+4
  2441                           
  2442                           ;main.c: 499:       step = 5;
  2443     02A5  3005               	movlw	5
  2444     02A6  00C1               	movwf	_step
  2445                           
  2446                           ;main.c: 500:       break;
  2447     02A7  2AE9               	goto	l407
  2448     02A8                     l2336:
  2449                           
  2450                           ;main.c: 502:       data_buf[5] = rx_data;
  2451     02A8  0875               	movf	_rx_data,w
  2452     02A9  00A5               	movwf	_data_buf+5
  2453                           
  2454                           ;main.c: 503:       step = 6;
  2455     02AA  3006               	movlw	6
  2456     02AB  00C1               	movwf	_step
  2457                           
  2458                           ;main.c: 504:       break;
  2459     02AC  2AE9               	goto	l407
  2460     02AD                     l2338:
  2461                           
  2462                           ;main.c: 506:       data_buf[6] = rx_data;
  2463     02AD  0875               	movf	_rx_data,w
  2464     02AE  00A6               	movwf	_data_buf+6
  2465                           
  2466                           ;main.c: 507:       step = 7;
  2467     02AF  3007               	movlw	7
  2468     02B0  00C1               	movwf	_step
  2469                           
  2470                           ;main.c: 508:       break;
  2471     02B1  2AE9               	goto	l407
  2472     02B2                     l2340:
  2473                           
  2474                           ;main.c: 510:       data_buf[7] = rx_data;
  2475     02B2  0875               	movf	_rx_data,w
  2476     02B3  00A7               	movwf	_data_buf+7
  2477                           
  2478                           ;main.c: 511:       step = 8;
  2479     02B4  3008               	movlw	8
  2480     02B5  00C1               	movwf	_step
  2481                           
  2482                           ;main.c: 512:       break;
  2483     02B6  2AE9               	goto	l407
  2484     02B7                     l2342:
  2485                           
  2486                           ;main.c: 514:       data_buf[8] = rx_data;
  2487     02B7  0875               	movf	_rx_data,w
  2488     02B8  00A8               	movwf	_data_buf+8
  2489                           
  2490                           ;main.c: 515:       step = 9;
  2491     02B9  3009               	movlw	9
  2492     02BA  00C1               	movwf	_step
  2493                           
  2494                           ;main.c: 516:       break;
  2495     02BB  2AE9               	goto	l407
  2496     02BC                     l2344:
  2497                           
  2498                           ;main.c: 518:       data_buf[9] = rx_data;
  2499     02BC  0875               	movf	_rx_data,w
  2500     02BD  00A9               	movwf	_data_buf+9
  2501                           
  2502                           ;main.c: 519:       step = 10;
  2503     02BE  300A               	movlw	10
  2504     02BF  00C1               	movwf	_step
  2505                           
  2506                           ;main.c: 520:       break;
  2507     02C0  2AE9               	goto	l407
  2508     02C1                     l2346:
  2509                           
  2510                           ;main.c: 522:       data_buf[10] = rx_data;
  2511     02C1  0875               	movf	_rx_data,w
  2512     02C2  00AA               	movwf	_data_buf+10
  2513     02C3                     l2348:
  2514                           
  2515                           ;main.c: 523:       fFrame_OK = 1;
  2516     02C3  01C2               	clrf	_fFrame_OK
  2517     02C4  0AC2               	incf	_fFrame_OK,f
  2518     02C5  2A8C               	goto	l2322
  2519     02C6                     l2356:
  2520     02C6  0841               	movf	_step,w
  2521                           
  2522                           ; Switch size 1, requested type "simple"
  2523                           ; Number of cases is 11, Range of values is 0 to 10
  2524                           ; switch strategies available:
  2525                           ; Name         Instructions Cycles
  2526                           ; direct_byte           28     6 (fixed)
  2527                           ; simple_byte           34    18 (average)
  2528                           ; jumptable            260     6 (fixed)
  2529                           ;	Chosen strategy is simple_byte
  2530     02C7  3A00               	xorlw	0	; case 0
  2531     02C8  1903               	skipnz
  2532     02C9  2A81               	goto	l2316
  2533     02CA  3A01               	xorlw	1	; case 1
  2534     02CB  1903               	skipnz
  2535     02CC  2A8E               	goto	l2324
  2536     02CD  3A03               	xorlw	3	; case 2
  2537     02CE  1903               	skipnz
  2538     02CF  2A99               	goto	l2330
  2539     02D0  3A01               	xorlw	1	; case 3
  2540     02D1  1903               	skipnz
  2541     02D2  2A9E               	goto	l2332
  2542     02D3  3A07               	xorlw	7	; case 4
  2543     02D4  1903               	skipnz
  2544     02D5  2AA3               	goto	l2334
  2545     02D6  3A01               	xorlw	1	; case 5
  2546     02D7  1903               	skipnz
  2547     02D8  2AA8               	goto	l2336
  2548     02D9  3A03               	xorlw	3	; case 6
  2549     02DA  1903               	skipnz
  2550     02DB  2AAD               	goto	l2338
  2551     02DC  3A01               	xorlw	1	; case 7
  2552     02DD  1903               	skipnz
  2553     02DE  2AB2               	goto	l2340
  2554     02DF  3A0F               	xorlw	15	; case 8
  2555     02E0  1903               	skipnz
  2556     02E1  2AB7               	goto	l2342
  2557     02E2  3A01               	xorlw	1	; case 9
  2558     02E3  1903               	skipnz
  2559     02E4  2ABC               	goto	l2344
  2560     02E5  3A03               	xorlw	3	; case 10
  2561     02E6  1903               	skipnz
  2562     02E7  2AC1               	goto	l2346
  2563     02E8  2A8C               	goto	l2322
  2564     02E9                     l407:
  2565     02E9  0008               	return
  2566     02EA                     __end_of_getFrameData:
  2567                           
  2568                           	psect	text2
  2569     03E0                     __ptext2:	
  2570 ;; *************** function _check_input *****************
  2571 ;; Defined at:
  2572 ;;		line 425 in file "main.c"
  2573 ;; Parameters:    Size  Location     Type
  2574 ;;		None
  2575 ;; Auto vars:     Size  Location     Type
  2576 ;;		None
  2577 ;; Return value:  Size  Location     Type
  2578 ;;                  1    wreg      void 
  2579 ;; Registers used:
  2580 ;;		wreg, status,2
  2581 ;; Tracked objects:
  2582 ;;		On entry : 0/0
  2583 ;;		On exit  : 0/0
  2584 ;;		Unchanged: 0/0
  2585 ;; Data sizes:     COMMON   BANK0   BANK1   BANK2   BANK3   BANK4   BANK5   BANK6
  2586 ;;      Params:         0       0       0       0       0       0       0       0
  2587 ;;      Locals:         0       0       0       0       0       0       0       0
  2588 ;;      Temps:          0       0       0       0       0       0       0       0
  2589 ;;      Totals:         0       0       0       0       0       0       0       0
  2590 ;;Total ram usage:        0 bytes
  2591 ;; Hardware stack levels used: 1
  2592 ;; Hardware stack levels required when called: 4
  2593 ;; This function calls:
  2594 ;;		Nothing
  2595 ;; This function is called by:
  2596 ;;		_main
  2597 ;; This function uses a non-reentrant model
  2598 ;;
  2599                           
  2600     03E0                     _check_input:	
  2601                           ;psect for function _check_input
  2602                           
  2603     03E0                     l2294:	
  2604                           ;incstack = 0
  2605                           ; Regs used in _check_input: [wreg+status,2]
  2606                           
  2607                           
  2608                           ;main.c: 426:   D2.Byte = data_buf[2];
  2609     03E0  0020               	movlb	0	; select bank0
  2610     03E1  0822               	movf	_data_buf+2,w
  2611     03E2  00F4               	movwf	_D2
  2612                           
  2613                           ;main.c: 427:   D3.Byte = data_buf[3];
  2614     03E3  0823               	movf	_data_buf+3,w
  2615     03E4  00C0               	movwf	_D3
  2616     03E5                     l2296:
  2617                           
  2618                           ;main.c: 428:   csFlag.Byte = 0;
  2619     03E5  01BF               	clrf	_csFlag
  2620     03E6                     l2298:
  2621                           
  2622                           ;main.c: 431:   if (D2.RunLight == 1)
  2623     03E6  1D74               	btfss	_D2,2
  2624     03E7  2BE9               	goto	u3111
  2625     03E8  2BEA               	goto	u3110
  2626     03E9                     u3111:
  2627     03E9  2BEC               	goto	l373
  2628     03EA                     u3110:
  2629     03EA                     l2300:
  2630                           
  2631                           ;main.c: 432:     csFlag.RunLight = 1;
  2632     03EA  16BF               	bsf	_csFlag,5
  2633     03EB  2BED               	goto	l374
  2634     03EC                     l373:	
  2635                           ;main.c: 433:   else
  2636                           
  2637                           
  2638                           ;main.c: 434:     csFlag.RunLight = 0;
  2639     03EC  12BF               	bcf	_csFlag,5
  2640     03ED                     l374:
  2641                           
  2642                           ;main.c: 437:   if (D2.DRL == 1)
  2643     03ED  1DF4               	btfss	_D2,3
  2644     03EE  2BF0               	goto	u3121
  2645     03EF  2BF1               	goto	u3120
  2646     03F0                     u3121:
  2647     03F0  2BF3               	goto	l375
  2648     03F1                     u3120:
  2649     03F1                     l2302:
  2650                           
  2651                           ;main.c: 438:     csFlag.DRL = 1;
  2652     03F1  163F               	bsf	_csFlag,4
  2653     03F2  2BF4               	goto	l376
  2654     03F3                     l375:	
  2655                           ;main.c: 439:   else
  2656                           
  2657                           
  2658                           ;main.c: 440:     csFlag.DRL = 0;
  2659     03F3  123F               	bcf	_csFlag,4
  2660     03F4                     l376:
  2661                           
  2662                           ;main.c: 443:   if (D2.LoBeam == 1)
  2663     03F4  1E74               	btfss	_D2,4
  2664     03F5  2BF7               	goto	u3131
  2665     03F6  2BF8               	goto	u3130
  2666     03F7                     u3131:
  2667     03F7  2BFA               	goto	l377
  2668     03F8                     u3130:
  2669     03F8                     l2304:
  2670                           
  2671                           ;main.c: 444:     csFlag.LoBeam = 1;
  2672     03F8  15BF               	bsf	_csFlag,3
  2673     03F9  2BFB               	goto	l378
  2674     03FA                     l377:	
  2675                           ;main.c: 445:   else
  2676                           
  2677                           
  2678                           ;main.c: 446:     csFlag.LoBeam = 0;
  2679     03FA  11BF               	bcf	_csFlag,3
  2680     03FB                     l378:
  2681                           
  2682                           ;main.c: 449:   if (D2.HiBeam == 1)
  2683     03FB  1EF4               	btfss	_D2,5
  2684     03FC  2BFE               	goto	u3141
  2685     03FD  2BFF               	goto	u3140
  2686     03FE                     u3141:
  2687     03FE  2C01               	goto	l379
  2688     03FF                     u3140:
  2689     03FF                     l2306:
  2690                           
  2691                           ;main.c: 450:     csFlag.HiBeam = 1;
  2692     03FF  153F               	bsf	_csFlag,2
  2693     0400  2C02               	goto	l380
  2694     0401                     l379:	
  2695                           ;main.c: 451:   else
  2696                           
  2697                           
  2698                           ;main.c: 452:     csFlag.HiBeam = 0;
  2699     0401  113F               	bcf	_csFlag,2
  2700     0402                     l380:
  2701                           
  2702                           ;main.c: 455:   if (D3.turnLight_L == 1)
  2703     0402  1EC0               	btfss	_D3,5
  2704     0403  2C05               	goto	u3151
  2705     0404  2C06               	goto	u3150
  2706     0405                     u3151:
  2707     0405  2C08               	goto	l381
  2708     0406                     u3150:
  2709     0406                     l2308:
  2710                           
  2711                           ;main.c: 456:     csFlag.turnLight_L = 1;
  2712     0406  14BF               	bsf	_csFlag,1
  2713     0407  2C09               	goto	l382
  2714     0408                     l381:	
  2715                           ;main.c: 457:   else
  2716                           
  2717                           
  2718                           ;main.c: 458:     csFlag.turnLight_L = 0;
  2719     0408  10BF               	bcf	_csFlag,1
  2720     0409                     l382:
  2721                           
  2722                           ;main.c: 461:   if (D3.turnLight_R == 1)
  2723     0409  1F40               	btfss	_D3,6
  2724     040A  2C0C               	goto	u3161
  2725     040B  2C0D               	goto	u3160
  2726     040C                     u3161:
  2727     040C  2C0F               	goto	l383
  2728     040D                     u3160:
  2729     040D                     l2310:
  2730                           
  2731                           ;main.c: 462:     csFlag.turnLight_R = 1;
  2732     040D  143F               	bsf	_csFlag,0
  2733     040E  2C10               	goto	l385
  2734     040F                     l383:	
  2735                           ;main.c: 463:   else
  2736                           
  2737                           
  2738                           ;main.c: 464:     csFlag.turnLight_R = 0;
  2739     040F  103F               	bcf	_csFlag,0
  2740     0410                     l385:
  2741     0410  0008               	return
  2742     0411                     __end_of_check_input:
  2743                           
  2744                           	psect	text3
  2745     0448                     __ptext3:	
  2746 ;; *************** function _SYSTEM_Initialize *****************
  2747 ;; Defined at:
  2748 ;;		line 50 in file "mcc_generated_files/mcc.c"
  2749 ;; Parameters:    Size  Location     Type
  2750 ;;		None
  2751 ;; Auto vars:     Size  Location     Type
  2752 ;;		None
  2753 ;; Return value:  Size  Location     Type
  2754 ;;                  1    wreg      void 
  2755 ;; Registers used:
  2756 ;;		wreg, status,2, status,0, pclath, cstack
  2757 ;; Tracked objects:
  2758 ;;		On entry : 0/0
  2759 ;;		On exit  : 0/0
  2760 ;;		Unchanged: 0/0
  2761 ;; Data sizes:     COMMON   BANK0   BANK1   BANK2   BANK3   BANK4   BANK5   BANK6
  2762 ;;      Params:         0       0       0       0       0       0       0       0
  2763 ;;      Locals:         0       0       0       0       0       0       0       0
  2764 ;;      Temps:          0       0       0       0       0       0       0       0
  2765 ;;      Totals:         0       0       0       0       0       0       0       0
  2766 ;;Total ram usage:        0 bytes
  2767 ;; Hardware stack levels used: 1
  2768 ;; Hardware stack levels required when called: 6
  2769 ;; This function calls:
  2770 ;;		_ECCP3_Initialize
  2771 ;;		_EPWM1_Initialize
  2772 ;;		_OSCILLATOR_Initialize
  2773 ;;		_PIN_MANAGER_Initialize
  2774 ;;		_TMR0_Initialize
  2775 ;;		_TMR1_Initialize
  2776 ;;		_TMR2_Initialize
  2777 ;;		_WDT_Initialize
  2778 ;; This function is called by:
  2779 ;;		_main
  2780 ;; This function uses a non-reentrant model
  2781 ;;
  2782                           
  2783     0448                     _SYSTEM_Initialize:	
  2784                           ;psect for function _SYSTEM_Initialize
  2785                           
  2786     0448                     l2120:	
  2787                           ;incstack = 0
  2788                           ; Regs used in _SYSTEM_Initialize: [wreg+status,2+status,0+pclath+cstack]
  2789                           
  2790                           
  2791                           ;mcc_generated_files/mcc.c: 53:     PIN_MANAGER_Initialize();
  2792     0448  3184  242D  3184   	fcall	_PIN_MANAGER_Initialize
  2793                           
  2794                           ;mcc_generated_files/mcc.c: 54:     OSCILLATOR_Initialize();
  2795     044B  3184  24D2  3184   	fcall	_OSCILLATOR_Initialize
  2796                           
  2797                           ;mcc_generated_files/mcc.c: 55:     WDT_Initialize();
  2798     044E  3185  2502  3184   	fcall	_WDT_Initialize
  2799                           
  2800                           ;mcc_generated_files/mcc.c: 56:     EPWM1_Initialize();
  2801     0451  3184  24B8  3184   	fcall	_EPWM1_Initialize
  2802                           
  2803                           ;mcc_generated_files/mcc.c: 57:     TMR2_Initialize();
  2804     0454  3184  24E8  3184   	fcall	_TMR2_Initialize
  2805                           
  2806                           ;mcc_generated_files/mcc.c: 58:     ECCP3_Initialize();
  2807     0457  3184  24DE  3184   	fcall	_ECCP3_Initialize
  2808                           
  2809                           ;mcc_generated_files/mcc.c: 59:     TMR1_Initialize();
  2810     045A  3184  24AB  3184   	fcall	_TMR1_Initialize
  2811                           
  2812                           ;mcc_generated_files/mcc.c: 60:     TMR0_Initialize();
  2813     045D  3184  2479  3184   	fcall	_TMR0_Initialize
  2814     0460                     l29:
  2815     0460  0008               	return
  2816     0461                     __end_of_SYSTEM_Initialize:
  2817                           
  2818                           	psect	text4
  2819     0502                     __ptext4:	
  2820 ;; *************** function _WDT_Initialize *****************
  2821 ;; Defined at:
  2822 ;;		line 77 in file "mcc_generated_files/mcc.c"
  2823 ;; Parameters:    Size  Location     Type
  2824 ;;		None
  2825 ;; Auto vars:     Size  Location     Type
  2826 ;;		None
  2827 ;; Return value:  Size  Location     Type
  2828 ;;                  1    wreg      void 
  2829 ;; Registers used:
  2830 ;;		wreg
  2831 ;; Tracked objects:
  2832 ;;		On entry : 0/0
  2833 ;;		On exit  : 0/0
  2834 ;;		Unchanged: 0/0
  2835 ;; Data sizes:     COMMON   BANK0   BANK1   BANK2   BANK3   BANK4   BANK5   BANK6
  2836 ;;      Params:         0       0       0       0       0       0       0       0
  2837 ;;      Locals:         0       0       0       0       0       0       0       0
  2838 ;;      Temps:          0       0       0       0       0       0       0       0
  2839 ;;      Totals:         0       0       0       0       0       0       0       0
  2840 ;;Total ram usage:        0 bytes
  2841 ;; Hardware stack levels used: 1
  2842 ;; Hardware stack levels required when called: 4
  2843 ;; This function calls:
  2844 ;;		Nothing
  2845 ;; This function is called by:
  2846 ;;		_SYSTEM_Initialize
  2847 ;; This function uses a non-reentrant model
  2848 ;;
  2849                           
  2850     0502                     _WDT_Initialize:	
  2851                           ;psect for function _WDT_Initialize
  2852                           
  2853     0502                     l2042:	
  2854                           ;incstack = 0
  2855                           ; Regs used in _WDT_Initialize: [wreg]
  2856                           
  2857                           
  2858                           ;mcc_generated_files/mcc.c: 80:     WDTCON = 0x16;
  2859     0502  3016               	movlw	22
  2860     0503  0021               	movlb	1	; select bank1
  2861     0504  0097               	movwf	23	;volatile
  2862     0505                     l38:
  2863     0505  0008               	return
  2864     0506                     __end_of_WDT_Initialize:
  2865                           
  2866                           	psect	text5
  2867     04E8                     __ptext5:	
  2868 ;; *************** function _TMR2_Initialize *****************
  2869 ;; Defined at:
  2870 ;;		line 62 in file "mcc_generated_files/tmr2.c"
  2871 ;; Parameters:    Size  Location     Type
  2872 ;;		None
  2873 ;; Auto vars:     Size  Location     Type
  2874 ;;		None
  2875 ;; Return value:  Size  Location     Type
  2876 ;;                  1    wreg      void 
  2877 ;; Registers used:
  2878 ;;		wreg, status,2
  2879 ;; Tracked objects:
  2880 ;;		On entry : 0/0
  2881 ;;		On exit  : 0/0
  2882 ;;		Unchanged: 0/0
  2883 ;; Data sizes:     COMMON   BANK0   BANK1   BANK2   BANK3   BANK4   BANK5   BANK6
  2884 ;;      Params:         0       0       0       0       0       0       0       0
  2885 ;;      Locals:         0       0       0       0       0       0       0       0
  2886 ;;      Temps:          0       0       0       0       0       0       0       0
  2887 ;;      Totals:         0       0       0       0       0       0       0       0
  2888 ;;Total ram usage:        0 bytes
  2889 ;; Hardware stack levels used: 1
  2890 ;; Hardware stack levels required when called: 4
  2891 ;; This function calls:
  2892 ;;		Nothing
  2893 ;; This function is called by:
  2894 ;;		_SYSTEM_Initialize
  2895 ;; This function uses a non-reentrant model
  2896 ;;
  2897                           
  2898     04E8                     _TMR2_Initialize:	
  2899                           ;psect for function _TMR2_Initialize
  2900                           
  2901     04E8                     l2058:	
  2902                           ;incstack = 0
  2903                           ; Regs used in _TMR2_Initialize: [wreg+status,2]
  2904                           
  2905                           
  2906                           ;mcc_generated_files/tmr2.c: 67:     PR2 = 0x7C;
  2907     04E8  307C               	movlw	124
  2908     04E9  0020               	movlb	0	; select bank0
  2909     04EA  009B               	movwf	27	;volatile
  2910     04EB                     l2060:
  2911                           
  2912                           ;mcc_generated_files/tmr2.c: 70:     TMR2 = 0x00;
  2913     04EB  019A               	clrf	26	;volatile
  2914     04EC                     l2062:
  2915                           
  2916                           ;mcc_generated_files/tmr2.c: 73:     PIR1bits.TMR2IF = 0;
  2917     04EC  1091               	bcf	17,1	;volatile
  2918     04ED                     l2064:
  2919                           
  2920                           ;mcc_generated_files/tmr2.c: 76:     T2CON = 0x07;
  2921     04ED  3007               	movlw	7
  2922     04EE  009C               	movwf	28	;volatile
  2923     04EF                     l151:
  2924     04EF  0008               	return
  2925     04F0                     __end_of_TMR2_Initialize:
  2926                           
  2927                           	psect	text6
  2928     04AB                     __ptext6:	
  2929 ;; *************** function _TMR1_Initialize *****************
  2930 ;; Defined at:
  2931 ;;		line 63 in file "mcc_generated_files/tmr1.c"
  2932 ;; Parameters:    Size  Location     Type
  2933 ;;		None
  2934 ;; Auto vars:     Size  Location     Type
  2935 ;;		None
  2936 ;; Return value:  Size  Location     Type
  2937 ;;                  1    wreg      void 
  2938 ;; Registers used:
  2939 ;;		wreg, status,2
  2940 ;; Tracked objects:
  2941 ;;		On entry : 0/0
  2942 ;;		On exit  : 0/0
  2943 ;;		Unchanged: 0/0
  2944 ;; Data sizes:     COMMON   BANK0   BANK1   BANK2   BANK3   BANK4   BANK5   BANK6
  2945 ;;      Params:         0       0       0       0       0       0       0       0
  2946 ;;      Locals:         0       0       0       0       0       0       0       0
  2947 ;;      Temps:          0       0       0       0       0       0       0       0
  2948 ;;      Totals:         0       0       0       0       0       0       0       0
  2949 ;;Total ram usage:        0 bytes
  2950 ;; Hardware stack levels used: 1
  2951 ;; Hardware stack levels required when called: 4
  2952 ;; This function calls:
  2953 ;;		Nothing
  2954 ;; This function is called by:
  2955 ;;		_SYSTEM_Initialize
  2956 ;; This function uses a non-reentrant model
  2957 ;;
  2958                           
  2959     04AB                     _TMR1_Initialize:	
  2960                           ;psect for function _TMR1_Initialize
  2961                           
  2962     04AB                     l2076:	
  2963                           ;incstack = 0
  2964                           ; Regs used in _TMR1_Initialize: [wreg+status,2]
  2965                           
  2966                           
  2967                           ;mcc_generated_files/tmr1.c: 68:     T1GCON = 0x10;
  2968     04AB  3010               	movlw	16
  2969     04AC  0020               	movlb	0	; select bank0
  2970     04AD  0099               	movwf	25	;volatile
  2971     04AE                     l2078:
  2972                           
  2973                           ;mcc_generated_files/tmr1.c: 71:     TMR1H = 0x00;
  2974     04AE  0197               	clrf	23	;volatile
  2975     04AF                     l2080:
  2976                           
  2977                           ;mcc_generated_files/tmr1.c: 74:     TMR1L = 0x00;
  2978     04AF  0196               	clrf	22	;volatile
  2979     04B0                     l2082:
  2980                           
  2981                           ;mcc_generated_files/tmr1.c: 77:     PIR1bits.TMR1IF = 0;
  2982     04B0  1011               	bcf	17,0	;volatile
  2983                           
  2984                           ;mcc_generated_files/tmr1.c: 80:     timer1ReloadVal=(uint16_t)((TMR1H << 8) | TMR1L);
  2985     04B1  0817               	movf	23,w	;volatile
  2986     04B2  00B6               	movwf	_timer1ReloadVal+1	;volatile
  2987     04B3  0816               	movf	22,w	;volatile
  2988     04B4  00B5               	movwf	_timer1ReloadVal	;volatile
  2989                           
  2990                           ;mcc_generated_files/tmr1.c: 83:     T1CON = 0x01;
  2991     04B5  3001               	movlw	1
  2992     04B6  0098               	movwf	24	;volatile
  2993     04B7                     l74:
  2994     04B7  0008               	return
  2995     04B8                     __end_of_TMR1_Initialize:
  2996                           
  2997                           	psect	text7
  2998     0479                     __ptext7:	
  2999 ;; *************** function _TMR0_Initialize *****************
  3000 ;; Defined at:
  3001 ;;		line 64 in file "mcc_generated_files/tmr0.c"
  3002 ;; Parameters:    Size  Location     Type
  3003 ;;		None
  3004 ;; Auto vars:     Size  Location     Type
  3005 ;;		None
  3006 ;; Return value:  Size  Location     Type
  3007 ;;                  1    wreg      void 
  3008 ;; Registers used:
  3009 ;;		wreg, status,2, status,0, pclath, cstack
  3010 ;; Tracked objects:
  3011 ;;		On entry : 0/0
  3012 ;;		On exit  : 0/0
  3013 ;;		Unchanged: 0/0
  3014 ;; Data sizes:     COMMON   BANK0   BANK1   BANK2   BANK3   BANK4   BANK5   BANK6
  3015 ;;      Params:         0       0       0       0       0       0       0       0
  3016 ;;      Locals:         0       0       0       0       0       0       0       0
  3017 ;;      Temps:          0       0       0       0       0       0       0       0
  3018 ;;      Totals:         0       0       0       0       0       0       0       0
  3019 ;;Total ram usage:        0 bytes
  3020 ;; Hardware stack levels used: 1
  3021 ;; Hardware stack levels required when called: 5
  3022 ;; This function calls:
  3023 ;;		_TMR0_SetInterruptHandler
  3024 ;; This function is called by:
  3025 ;;		_SYSTEM_Initialize
  3026 ;; This function uses a non-reentrant model
  3027 ;;
  3028                           
  3029     0479                     _TMR0_Initialize:	
  3030                           ;psect for function _TMR0_Initialize
  3031                           
  3032     0479                     l2084:	
  3033                           ;incstack = 0
  3034                           ; Regs used in _TMR0_Initialize: [wreg+status,2+status,0+pclath+cstack]
  3035                           
  3036                           
  3037                           ;mcc_generated_files/tmr0.c: 69:     OPTION_REG = (uint8_t)((OPTION_REG & 0xC0) | (0xD4 
      +                          & 0x3F));
  3038     0479  0021               	movlb	1	; select bank1
  3039     047A  0815               	movf	21,w	;volatile
  3040     047B  39C0               	andlw	192
  3041     047C  3814               	iorlw	20
  3042     047D  0095               	movwf	21	;volatile
  3043     047E                     l2086:
  3044                           
  3045                           ;mcc_generated_files/tmr0.c: 72:     TMR0 = 0x06;
  3046     047E  3006               	movlw	6
  3047     047F  0020               	movlb	0	; select bank0
  3048     0480  0095               	movwf	21	;volatile
  3049     0481                     l2088:
  3050                           
  3051                           ;mcc_generated_files/tmr0.c: 75:     timer0ReloadVal= 6;
  3052     0481  3006               	movlw	6
  3053     0482  00C4               	movwf	_timer0ReloadVal	;volatile
  3054     0483                     l2090:
  3055                           
  3056                           ;mcc_generated_files/tmr0.c: 78:     INTCONbits.TMR0IF = 0;
  3057     0483  110B               	bcf	11,2	;volatile
  3058     0484                     l2092:
  3059                           
  3060                           ;mcc_generated_files/tmr0.c: 81:     INTCONbits.TMR0IE = 1;
  3061     0484  168B               	bsf	11,5	;volatile
  3062     0485                     l2094:
  3063                           
  3064                           ;mcc_generated_files/tmr0.c: 84:     TMR0_SetInterruptHandler(TMR0_DefaultInterruptHandl
      +                          er);
  3065     0485  3006               	movlw	low _TMR0_DefaultInterruptHandler
  3066     0486  00C5               	movwf	TMR0_SetInterruptHandler@InterruptHandler
  3067     0487  3005               	movlw	high _TMR0_DefaultInterruptHandler
  3068     0488  00C6               	movwf	TMR0_SetInterruptHandler@InterruptHandler+1
  3069     0489  3184  24FC  3184   	fcall	_TMR0_SetInterruptHandler
  3070     048C                     l124:
  3071     048C  0008               	return
  3072     048D                     __end_of_TMR0_Initialize:
  3073                           
  3074                           	psect	text8
  3075     04FC                     __ptext8:	
  3076 ;; *************** function _TMR0_SetInterruptHandler *****************
  3077 ;; Defined at:
  3078 ;;		line 140 in file "mcc_generated_files/tmr0.c"
  3079 ;; Parameters:    Size  Location     Type
  3080 ;;  InterruptHan    2    0[BANK0 ] PTR FTN()void 
  3081 ;;		 -> TMR0_EvenHandler(1), TMR0_DefaultInterruptHandler(1), 
  3082 ;; Auto vars:     Size  Location     Type
  3083 ;;		None
  3084 ;; Return value:  Size  Location     Type
  3085 ;;                  1    wreg      void 
  3086 ;; Registers used:
  3087 ;;		wreg
  3088 ;; Tracked objects:
  3089 ;;		On entry : 0/0
  3090 ;;		On exit  : 0/0
  3091 ;;		Unchanged: 0/0
  3092 ;; Data sizes:     COMMON   BANK0   BANK1   BANK2   BANK3   BANK4   BANK5   BANK6
  3093 ;;      Params:         0       2       0       0       0       0       0       0
  3094 ;;      Locals:         0       0       0       0       0       0       0       0
  3095 ;;      Temps:          0       0       0       0       0       0       0       0
  3096 ;;      Totals:         0       2       0       0       0       0       0       0
  3097 ;;Total ram usage:        2 bytes
  3098 ;; Hardware stack levels used: 1
  3099 ;; Hardware stack levels required when called: 4
  3100 ;; This function calls:
  3101 ;;		Nothing
  3102 ;; This function is called by:
  3103 ;;		_TMR0_Initialize
  3104 ;;		_main
  3105 ;; This function uses a non-reentrant model
  3106 ;;
  3107                           
  3108     04FC                     _TMR0_SetInterruptHandler:	
  3109                           ;psect for function _TMR0_SetInterruptHandler
  3110                           
  3111     04FC                     l2016:	
  3112                           ;incstack = 0
  3113                           ; Regs used in _TMR0_SetInterruptHandler: [wreg]
  3114                           
  3115                           
  3116                           ;mcc_generated_files/tmr0.c: 141:     TMR0_InterruptHandler = InterruptHandler;
  3117     04FC  0020               	movlb	0	; select bank0
  3118     04FD  0846               	movf	TMR0_SetInterruptHandler@InterruptHandler+1,w
  3119     04FE  00B4               	movwf	_TMR0_InterruptHandler+1
  3120     04FF  0845               	movf	TMR0_SetInterruptHandler@InterruptHandler,w
  3121     0500  00B3               	movwf	_TMR0_InterruptHandler
  3122     0501                     l137:
  3123     0501  0008               	return
  3124     0502                     __end_of_TMR0_SetInterruptHandler:
  3125                           
  3126                           	psect	text9
  3127     042D                     __ptext9:	
  3128 ;; *************** function _PIN_MANAGER_Initialize *****************
  3129 ;; Defined at:
  3130 ;;		line 55 in file "mcc_generated_files/pin_manager.c"
  3131 ;; Parameters:    Size  Location     Type
  3132 ;;		None
  3133 ;; Auto vars:     Size  Location     Type
  3134 ;;		None
  3135 ;; Return value:  Size  Location     Type
  3136 ;;                  1    wreg      void 
  3137 ;; Registers used:
  3138 ;;		wreg, status,2
  3139 ;; Tracked objects:
  3140 ;;		On entry : 0/0
  3141 ;;		On exit  : 0/0
  3142 ;;		Unchanged: 0/0
  3143 ;; Data sizes:     COMMON   BANK0   BANK1   BANK2   BANK3   BANK4   BANK5   BANK6
  3144 ;;      Params:         0       0       0       0       0       0       0       0
  3145 ;;      Locals:         0       0       0       0       0       0       0       0
  3146 ;;      Temps:          0       0       0       0       0       0       0       0
  3147 ;;      Totals:         0       0       0       0       0       0       0       0
  3148 ;;Total ram usage:        0 bytes
  3149 ;; Hardware stack levels used: 1
  3150 ;; Hardware stack levels required when called: 4
  3151 ;; This function calls:
  3152 ;;		Nothing
  3153 ;; This function is called by:
  3154 ;;		_SYSTEM_Initialize
  3155 ;; This function uses a non-reentrant model
  3156 ;;
  3157                           
  3158     042D                     _PIN_MANAGER_Initialize:	
  3159                           ;psect for function _PIN_MANAGER_Initialize
  3160                           
  3161     042D                     l2020:	
  3162                           ;incstack = 0
  3163                           ; Regs used in _PIN_MANAGER_Initialize: [wreg+status,2]
  3164                           
  3165                           
  3166                           ;mcc_generated_files/pin_manager.c: 60:     LATE = 0x00;
  3167     042D  0022               	movlb	2	; select bank2
  3168     042E  0190               	clrf	16	;volatile
  3169                           
  3170                           ;mcc_generated_files/pin_manager.c: 61:     LATA = 0x00;
  3171     042F  018C               	clrf	12	;volatile
  3172     0430                     l2022:
  3173                           
  3174                           ;mcc_generated_files/pin_manager.c: 62:     LATB = 0x48;
  3175     0430  3048               	movlw	72
  3176     0431  008D               	movwf	13	;volatile
  3177     0432                     l2024:
  3178                           
  3179                           ;mcc_generated_files/pin_manager.c: 63:     LATC = 0x00;
  3180     0432  018E               	clrf	14	;volatile
  3181                           
  3182                           ;mcc_generated_files/pin_manager.c: 68:     TRISE = 0x08;
  3183     0433  3008               	movlw	8
  3184     0434  0021               	movlb	1	; select bank1
  3185     0435  0090               	movwf	16	;volatile
  3186                           
  3187                           ;mcc_generated_files/pin_manager.c: 69:     TRISA = 0xF6;
  3188     0436  30F6               	movlw	246
  3189     0437  008C               	movwf	12	;volatile
  3190                           
  3191                           ;mcc_generated_files/pin_manager.c: 70:     TRISB = 0xBF;
  3192     0438  30BF               	movlw	191
  3193     0439  008D               	movwf	13	;volatile
  3194                           
  3195                           ;mcc_generated_files/pin_manager.c: 71:     TRISC = 0xF9;
  3196     043A  30F9               	movlw	249
  3197     043B  008E               	movwf	14	;volatile
  3198     043C                     l2026:
  3199                           
  3200                           ;mcc_generated_files/pin_manager.c: 78:     ANSELB = 0;
  3201     043C  0023               	movlb	3	; select bank3
  3202     043D  018D               	clrf	13	;volatile
  3203     043E                     l2028:
  3204                           
  3205                           ;mcc_generated_files/pin_manager.c: 79:     ANSELA = 0;
  3206     043E  018C               	clrf	12	;volatile
  3207     043F                     l2030:
  3208                           
  3209                           ;mcc_generated_files/pin_manager.c: 84:     WPUE = 0x00;
  3210     043F  0024               	movlb	4	; select bank4
  3211     0440  0190               	clrf	16	;volatile
  3212     0441                     l2032:
  3213                           
  3214                           ;mcc_generated_files/pin_manager.c: 85:     WPUB = 0x08;
  3215     0441  3008               	movlw	8
  3216     0442  008D               	movwf	13	;volatile
  3217     0443                     l2034:
  3218                           
  3219                           ;mcc_generated_files/pin_manager.c: 86:     OPTION_REGbits.nWPUEN = 0;
  3220     0443  0021               	movlb	1	; select bank1
  3221     0444  1395               	bcf	21,7	;volatile
  3222                           
  3223                           ;mcc_generated_files/pin_manager.c: 92:     APFCON = 0x00;
  3224     0445  0022               	movlb	2	; select bank2
  3225     0446  019D               	clrf	29	;volatile
  3226     0447                     l105:
  3227     0447  0008               	return
  3228     0448                     __end_of_PIN_MANAGER_Initialize:
  3229                           
  3230                           	psect	text10
  3231     04D2                     __ptext10:	
  3232 ;; *************** function _OSCILLATOR_Initialize *****************
  3233 ;; Defined at:
  3234 ;;		line 63 in file "mcc_generated_files/mcc.c"
  3235 ;; Parameters:    Size  Location     Type
  3236 ;;		None
  3237 ;; Auto vars:     Size  Location     Type
  3238 ;;		None
  3239 ;; Return value:  Size  Location     Type
  3240 ;;                  1    wreg      void 
  3241 ;; Registers used:
  3242 ;;		wreg, status,2
  3243 ;; Tracked objects:
  3244 ;;		On entry : 0/0
  3245 ;;		On exit  : 0/0
  3246 ;;		Unchanged: 0/0
  3247 ;; Data sizes:     COMMON   BANK0   BANK1   BANK2   BANK3   BANK4   BANK5   BANK6
  3248 ;;      Params:         0       0       0       0       0       0       0       0
  3249 ;;      Locals:         0       0       0       0       0       0       0       0
  3250 ;;      Temps:          0       0       0       0       0       0       0       0
  3251 ;;      Totals:         0       0       0       0       0       0       0       0
  3252 ;;Total ram usage:        0 bytes
  3253 ;; Hardware stack levels used: 1
  3254 ;; Hardware stack levels required when called: 4
  3255 ;; This function calls:
  3256 ;;		Nothing
  3257 ;; This function is called by:
  3258 ;;		_SYSTEM_Initialize
  3259 ;; This function uses a non-reentrant model
  3260 ;;
  3261                           
  3262     04D2                     _OSCILLATOR_Initialize:	
  3263                           ;psect for function _OSCILLATOR_Initialize
  3264                           
  3265     04D2                     l2036:	
  3266                           ;incstack = 0
  3267                           ; Regs used in _OSCILLATOR_Initialize: [wreg+status,2]
  3268                           
  3269                           
  3270                           ;mcc_generated_files/mcc.c: 66:     OSCCON = 0x70;
  3271     04D2  3070               	movlw	112
  3272     04D3  0021               	movlb	1	; select bank1
  3273     04D4  0099               	movwf	25	;volatile
  3274     04D5                     l2038:
  3275                           
  3276                           ;mcc_generated_files/mcc.c: 68:     OSCTUNE = 0x00;
  3277     04D5  0198               	clrf	24	;volatile
  3278     04D6                     l2040:
  3279                           
  3280                           ;mcc_generated_files/mcc.c: 70:     BORCON = 0x00;
  3281     04D6  0022               	movlb	2	; select bank2
  3282     04D7  0196               	clrf	22	;volatile
  3283     04D8                     l32:	
  3284                           ;mcc_generated_files/mcc.c: 73:     {;mcc_generated_files/mcc.c: 74:     }
  3285                           
  3286                           
  3287                           ;mcc_generated_files/mcc.c: 72:     while(PLLR == 0)
  3288     04D8  0021               	movlb	1	; select bank1
  3289     04D9  1F1A               	btfss	26,6	;volatile
  3290     04DA  2CDC               	goto	u2301
  3291     04DB  2CDD               	goto	u2300
  3292     04DC                     u2301:
  3293     04DC  2CD8               	goto	l32
  3294     04DD                     u2300:
  3295     04DD                     l35:
  3296     04DD  0008               	return
  3297     04DE                     __end_of_OSCILLATOR_Initialize:
  3298                           
  3299                           	psect	text11
  3300     04B8                     __ptext11:	
  3301 ;; *************** function _EPWM1_Initialize *****************
  3302 ;; Defined at:
  3303 ;;		line 64 in file "mcc_generated_files/epwm1.c"
  3304 ;; Parameters:    Size  Location     Type
  3305 ;;		None
  3306 ;; Auto vars:     Size  Location     Type
  3307 ;;		None
  3308 ;; Return value:  Size  Location     Type
  3309 ;;                  1    wreg      void 
  3310 ;; Registers used:
  3311 ;;		wreg, status,2, status,0
  3312 ;; Tracked objects:
  3313 ;;		On entry : 0/0
  3314 ;;		On exit  : 0/0
  3315 ;;		Unchanged: 0/0
  3316 ;; Data sizes:     COMMON   BANK0   BANK1   BANK2   BANK3   BANK4   BANK5   BANK6
  3317 ;;      Params:         0       0       0       0       0       0       0       0
  3318 ;;      Locals:         0       0       0       0       0       0       0       0
  3319 ;;      Temps:          0       0       0       0       0       0       0       0
  3320 ;;      Totals:         0       0       0       0       0       0       0       0
  3321 ;;Total ram usage:        0 bytes
  3322 ;; Hardware stack levels used: 1
  3323 ;; Hardware stack levels required when called: 4
  3324 ;; This function calls:
  3325 ;;		Nothing
  3326 ;; This function is called by:
  3327 ;;		_SYSTEM_Initialize
  3328 ;; This function uses a non-reentrant model
  3329 ;;
  3330                           
  3331     04B8                     _EPWM1_Initialize:	
  3332                           ;psect for function _EPWM1_Initialize
  3333                           
  3334     04B8                     l2044:	
  3335                           ;incstack = 0
  3336                           ; Regs used in _EPWM1_Initialize: [wreg+status,2+status,0]
  3337                           
  3338                           
  3339                           ;mcc_generated_files/epwm1.c: 69:  CCP1CON = 0x0C;
  3340     04B8  300C               	movlw	12
  3341     04B9  0025               	movlb	5	; select bank5
  3342     04BA  0093               	movwf	19	;volatile
  3343     04BB                     l2046:
  3344                           
  3345                           ;mcc_generated_files/epwm1.c: 72:  ECCP1AS = 0x00;
  3346     04BB  0195               	clrf	21	;volatile
  3347     04BC                     l2048:
  3348                           
  3349                           ;mcc_generated_files/epwm1.c: 75:  PWM1CON = 0x80;
  3350     04BC  3080               	movlw	128
  3351     04BD  0094               	movwf	20	;volatile
  3352     04BE                     l2050:
  3353                           
  3354                           ;mcc_generated_files/epwm1.c: 78:  PSTR1CON = 0x01;
  3355     04BE  3001               	movlw	1
  3356     04BF  0096               	movwf	22	;volatile
  3357     04C0                     l2052:
  3358                           
  3359                           ;mcc_generated_files/epwm1.c: 81:  CCPR1H = 0x00;
  3360     04C0  0192               	clrf	18	;volatile
  3361     04C1                     l2054:
  3362                           
  3363                           ;mcc_generated_files/epwm1.c: 84:  CCPR1L = 0x00;
  3364     04C1  0191               	clrf	17	;volatile
  3365     04C2                     l2056:
  3366                           
  3367                           ;mcc_generated_files/epwm1.c: 87:  CCPTMRS0bits.C1TSEL = 0x0;
  3368     04C2  30FC               	movlw	-4
  3369     04C3  059E               	andwf	30,f	;volatile
  3370     04C4                     l186:
  3371     04C4  0008               	return
  3372     04C5                     __end_of_EPWM1_Initialize:
  3373                           
  3374                           	psect	text12
  3375     04DE                     __ptext12:	
  3376 ;; *************** function _ECCP3_Initialize *****************
  3377 ;; Defined at:
  3378 ;;		line 59 in file "mcc_generated_files/eccp3.c"
  3379 ;; Parameters:    Size  Location     Type
  3380 ;;		None
  3381 ;; Auto vars:     Size  Location     Type
  3382 ;;		None
  3383 ;; Return value:  Size  Location     Type
  3384 ;;                  1    wreg      void 
  3385 ;; Registers used:
  3386 ;;		wreg, status,2
  3387 ;; Tracked objects:
  3388 ;;		On entry : 0/0
  3389 ;;		On exit  : 0/0
  3390 ;;		Unchanged: 0/0
  3391 ;; Data sizes:     COMMON   BANK0   BANK1   BANK2   BANK3   BANK4   BANK5   BANK6
  3392 ;;      Params:         0       0       0       0       0       0       0       0
  3393 ;;      Locals:         0       0       0       0       0       0       0       0
  3394 ;;      Temps:          0       0       0       0       0       0       0       0
  3395 ;;      Totals:         0       0       0       0       0       0       0       0
  3396 ;;Total ram usage:        0 bytes
  3397 ;; Hardware stack levels used: 1
  3398 ;; Hardware stack levels required when called: 4
  3399 ;; This function calls:
  3400 ;;		Nothing
  3401 ;; This function is called by:
  3402 ;;		_SYSTEM_Initialize
  3403 ;; This function uses a non-reentrant model
  3404 ;;
  3405                           
  3406     04DE                     _ECCP3_Initialize:	
  3407                           ;psect for function _ECCP3_Initialize
  3408                           
  3409     04DE                     l2066:	
  3410                           ;incstack = 0
  3411                           ; Regs used in _ECCP3_Initialize: [wreg+status,2]
  3412                           
  3413                           
  3414                           ;mcc_generated_files/eccp3.c: 64:  CCP3CON = 0x05;
  3415     04DE  3005               	movlw	5
  3416     04DF  0026               	movlb	6	; select bank6
  3417     04E0  0093               	movwf	19	;volatile
  3418     04E1                     l2068:
  3419                           
  3420                           ;mcc_generated_files/eccp3.c: 67:  CCPR3H = 0x00;
  3421     04E1  0192               	clrf	18	;volatile
  3422     04E2                     l2070:
  3423                           
  3424                           ;mcc_generated_files/eccp3.c: 70:  CCPR3L = 0x00;
  3425     04E2  0191               	clrf	17	;volatile
  3426     04E3                     l2072:
  3427                           
  3428                           ;mcc_generated_files/eccp3.c: 73:     PIR3bits.CCP3IF = 0;
  3429     04E3  0020               	movlb	0	; select bank0
  3430     04E4  1213               	bcf	19,4	;volatile
  3431     04E5                     l2074:
  3432                           
  3433                           ;mcc_generated_files/eccp3.c: 76:     PIE3bits.CCP3IE = 1;
  3434     04E5  0021               	movlb	1	; select bank1
  3435     04E6  1613               	bsf	19,4	;volatile
  3436     04E7                     l166:
  3437     04E7  0008               	return
  3438     04E8                     __end_of_ECCP3_Initialize:
  3439                           
  3440                           	psect	text13
  3441     0046                     __ptext13:	
  3442 ;; *************** function _LED_output *****************
  3443 ;; Defined at:
  3444 ;;		line 305 in file "main.c"
  3445 ;; Parameters:    Size  Location     Type
  3446 ;;		None
  3447 ;; Auto vars:     Size  Location     Type
  3448 ;;  i               1    8[BANK0 ] unsigned char 
  3449 ;;  crc8            1    7[BANK0 ] unsigned char 
  3450 ;; Return value:  Size  Location     Type
  3451 ;;                  1    wreg      void 
  3452 ;; Registers used:
  3453 ;;		wreg, fsr1l, fsr1h, status,2, status,0, pclath, cstack
  3454 ;; Tracked objects:
  3455 ;;		On entry : 0/0
  3456 ;;		On exit  : 0/0
  3457 ;;		Unchanged: 0/0
  3458 ;; Data sizes:     COMMON   BANK0   BANK1   BANK2   BANK3   BANK4   BANK5   BANK6
  3459 ;;      Params:         0       0       0       0       0       0       0       0
  3460 ;;      Locals:         0       2       0       0       0       0       0       0
  3461 ;;      Temps:          0       1       0       0       0       0       0       0
  3462 ;;      Totals:         0       3       0       0       0       0       0       0
  3463 ;;Total ram usage:        3 bytes
  3464 ;; Hardware stack levels used: 1
  3465 ;; Hardware stack levels required when called: 6
  3466 ;; This function calls:
  3467 ;;		_DRL_ON
  3468 ;;		_EPWM1_LoadDutyValue
  3469 ;; This function is called by:
  3470 ;;		_main
  3471 ;; This function uses a non-reentrant model
  3472 ;;
  3473                           
  3474     0046                     _LED_output:	
  3475                           ;psect for function _LED_output
  3476                           
  3477     0046                     l2144:	
  3478                           ;incstack = 0
  3479                           ; Regs used in _LED_output: [wreg+fsr1l+fsr1h+status,2+status,0+pclath+cstack]
  3480                           
  3481                           
  3482                           ;main.c: 306:   uint8_t crc8 = CS[csFlag.Byte];
  3483     0046  0020               	movlb	0	; select bank0
  3484     0047  083F               	movf	_csFlag,w
  3485     0048  3EA0               	addlw	(low (_CS| 0))& (0+255)
  3486     0049  0086               	movwf	6
  3487     004A  0187               	clrf	7
  3488     004B  0801               	movf	1,w
  3489     004C  00CC               	movwf	LED_output@crc8
  3490     004D                     l2146:
  3491                           
  3492                           ;main.c: 308:   if (data_buf[10] != crc8)
  3493     004D  082A               	movf	_data_buf+10,w
  3494     004E  064C               	xorwf	LED_output@crc8,w
  3495     004F  1903               	skipnz
  3496     0050  2852               	goto	u2441
  3497     0051  2853               	goto	u2440
  3498     0052                     u2441:
  3499     0052  2854               	goto	l2150
  3500     0053                     u2440:
  3501     0053  29C2               	goto	l267
  3502     0054                     l2150:
  3503                           
  3504                           ;main.c: 316:   T10MS_CNT = 0;
  3505     0054  01BE               	clrf	_T10MS_CNT	;volatile
  3506     0055                     l2152:
  3507                           
  3508                           ;main.c: 319:   if (csFlag.RunLight == 1) {
  3509     0055  1EBF               	btfss	_csFlag,5
  3510     0056  2858               	goto	u2451
  3511     0057  2859               	goto	u2450
  3512     0058                     u2451:
  3513     0058  285C               	goto	l272
  3514     0059                     u2450:
  3515     0059                     l269:	
  3516                           ;main.c: 320:     do { LATAbits.LATA3 = 1; } while(0);
  3517                           
  3518     0059  0022               	movlb	2	; select bank2
  3519     005A  158C               	bsf	12,3	;volatile
  3520     005B  285E               	goto	l271
  3521     005C                     l272:	
  3522                           ;main.c: 322:     do { LATAbits.LATA3 = 0; } while(0);
  3523                           
  3524     005C  0022               	movlb	2	; select bank2
  3525     005D  118C               	bcf	12,3	;volatile
  3526     005E                     l271:	
  3527                           ;main.c: 323:   }
  3528                           
  3529                           
  3530                           ;main.c: 325:   if (csFlag.HiBeam == 0 && csFlag.LoBeam == 0 && csFlag.DRL == 0 && csFla
      +                          g.RunLight == 0) {
  3531     005E  0020               	movlb	0	; select bank0
  3532     005F  193F               	btfsc	_csFlag,2
  3533     0060  2862               	goto	u2461
  3534     0061  2863               	goto	u2460
  3535     0062                     u2461:
  3536     0062  287A               	goto	l274
  3537     0063                     u2460:
  3538     0063                     l2154:
  3539     0063  19BF               	btfsc	_csFlag,3
  3540     0064  2866               	goto	u2471
  3541     0065  2867               	goto	u2470
  3542     0066                     u2471:
  3543     0066  287A               	goto	l274
  3544     0067                     u2470:
  3545     0067                     l2156:
  3546     0067  1A3F               	btfsc	_csFlag,4
  3547     0068  286A               	goto	u2481
  3548     0069  286B               	goto	u2480
  3549     006A                     u2481:
  3550     006A  287A               	goto	l274
  3551     006B                     u2480:
  3552     006B                     l2158:
  3553     006B  1ABF               	btfsc	_csFlag,5
  3554     006C  286E               	goto	u2491
  3555     006D  286F               	goto	u2490
  3556     006E                     u2491:
  3557     006E  287A               	goto	l274
  3558     006F                     u2490:
  3559     006F                     l275:	
  3560                           ;main.c: 327:     do { LATAbits.LATA0 = 0; } while(0);
  3561                           
  3562     006F  0022               	movlb	2	; select bank2
  3563     0070  100C               	bcf	12,0	;volatile
  3564     0071                     l277:	
  3565                           ;main.c: 328:     do { LATCbits.LATC1 = 0; } while(0);
  3566                           
  3567     0071  108E               	bcf	14,1	;volatile
  3568     0072                     l2160:
  3569                           
  3570                           ;main.c: 329:     EPWM1_LoadDutyValue((0));
  3571     0072  3000               	movlw	0
  3572     0073  0020               	movlb	0	; select bank0
  3573     0074  00C5               	movwf	EPWM1_LoadDutyValue@dutyValue
  3574     0075  00C6               	movwf	EPWM1_LoadDutyValue@dutyValue+1
  3575     0076  3184  2411  3180   	fcall	_EPWM1_LoadDutyValue
  3576                           
  3577                           ;main.c: 330:   } else if (csFlag.HiBeam == 0 && csFlag.LoBeam == 0 && csFlag.DRL == 0 &
      +                          & csFlag.RunLight == 1) {
  3578     0079  29B1               	goto	l2282
  3579     007A                     l274:
  3580     007A  193F               	btfsc	_csFlag,2
  3581     007B  287D               	goto	u2501
  3582     007C  287E               	goto	u2500
  3583     007D                     u2501:
  3584     007D  2896               	goto	l280
  3585     007E                     u2500:
  3586     007E                     l2162:
  3587     007E  19BF               	btfsc	_csFlag,3
  3588     007F  2881               	goto	u2511
  3589     0080  2882               	goto	u2510
  3590     0081                     u2511:
  3591     0081  2896               	goto	l280
  3592     0082                     u2510:
  3593     0082                     l2164:
  3594     0082  1A3F               	btfsc	_csFlag,4
  3595     0083  2885               	goto	u2521
  3596     0084  2886               	goto	u2520
  3597     0085                     u2521:
  3598     0085  2896               	goto	l280
  3599     0086                     u2520:
  3600     0086                     l2166:
  3601     0086  1EBF               	btfss	_csFlag,5
  3602     0087  2889               	goto	u2531
  3603     0088  288A               	goto	u2530
  3604     0089                     u2531:
  3605     0089  2896               	goto	l280
  3606     008A                     u2530:
  3607     008A                     l281:	
  3608                           ;main.c: 332:     do { LATAbits.LATA0 = 0; } while(0);
  3609                           
  3610     008A  0022               	movlb	2	; select bank2
  3611     008B  100C               	bcf	12,0	;volatile
  3612     008C                     l283:	
  3613                           ;main.c: 333:     do { LATCbits.LATC1 = 0; } while(0);
  3614                           
  3615     008C  108E               	bcf	14,1	;volatile
  3616     008D                     l2168:
  3617                           
  3618                           ;main.c: 334:     EPWM1_LoadDutyValue((50));
  3619     008D  3032               	movlw	50
  3620     008E  0020               	movlb	0	; select bank0
  3621     008F  00C5               	movwf	EPWM1_LoadDutyValue@dutyValue
  3622     0090  3000               	movlw	0
  3623     0091  00C6               	movwf	EPWM1_LoadDutyValue@dutyValue+1
  3624     0092  3184  2411  3180   	fcall	_EPWM1_LoadDutyValue
  3625                           
  3626                           ;main.c: 335:   } else if (csFlag.HiBeam == 0 && csFlag.LoBeam == 0 && csFlag.DRL == 1 &
      +                          & csFlag.RunLight == 0) {
  3627     0095  29B1               	goto	l2282
  3628     0096                     l280:
  3629     0096  193F               	btfsc	_csFlag,2
  3630     0097  2899               	goto	u2541
  3631     0098  289A               	goto	u2540
  3632     0099                     u2541:
  3633     0099  28AD               	goto	l286
  3634     009A                     u2540:
  3635     009A                     l2170:
  3636     009A  19BF               	btfsc	_csFlag,3
  3637     009B  289D               	goto	u2551
  3638     009C  289E               	goto	u2550
  3639     009D                     u2551:
  3640     009D  28AD               	goto	l286
  3641     009E                     u2550:
  3642     009E                     l2172:
  3643     009E  1E3F               	btfss	_csFlag,4
  3644     009F  28A1               	goto	u2561
  3645     00A0  28A2               	goto	u2560
  3646     00A1                     u2561:
  3647     00A1  28AD               	goto	l286
  3648     00A2                     u2560:
  3649     00A2                     l2174:
  3650     00A2  1ABF               	btfsc	_csFlag,5
  3651     00A3  28A5               	goto	u2571
  3652     00A4  28A6               	goto	u2570
  3653     00A5                     u2571:
  3654     00A5  28AD               	goto	l286
  3655     00A6                     u2570:
  3656     00A6                     l287:	
  3657                           ;main.c: 337:     do { LATAbits.LATA0 = 0; } while(0);
  3658                           
  3659     00A6  0022               	movlb	2	; select bank2
  3660     00A7  100C               	bcf	12,0	;volatile
  3661     00A8                     l289:	
  3662                           ;main.c: 338:     do { LATCbits.LATC1 = 0; } while(0);
  3663                           
  3664     00A8  108E               	bcf	14,1	;volatile
  3665     00A9                     l2176:
  3666                           
  3667                           ;main.c: 339:     DRL_ON();
  3668     00A9  3183  236A  3180   	fcall	_DRL_ON
  3669                           
  3670                           ;main.c: 340:   } else if (csFlag.HiBeam == 0 && csFlag.LoBeam == 0 && csFlag.DRL == 1 &
      +                          & csFlag.RunLight == 1) {
  3671     00AC  29B1               	goto	l2282
  3672     00AD                     l286:
  3673     00AD  193F               	btfsc	_csFlag,2
  3674     00AE  28B0               	goto	u2581
  3675     00AF  28B1               	goto	u2580
  3676     00B0                     u2581:
  3677     00B0  28C1               	goto	l292
  3678     00B1                     u2580:
  3679     00B1                     l2178:
  3680     00B1  19BF               	btfsc	_csFlag,3
  3681     00B2  28B4               	goto	u2591
  3682     00B3  28B5               	goto	u2590
  3683     00B4                     u2591:
  3684     00B4  28C1               	goto	l292
  3685     00B5                     u2590:
  3686     00B5                     l2180:
  3687     00B5  1E3F               	btfss	_csFlag,4
  3688     00B6  28B8               	goto	u2601
  3689     00B7  28B9               	goto	u2600
  3690     00B8                     u2601:
  3691     00B8  28C1               	goto	l292
  3692     00B9                     u2600:
  3693     00B9                     l2182:
  3694     00B9  1EBF               	btfss	_csFlag,5
  3695     00BA  28BC               	goto	u2611
  3696     00BB  28BD               	goto	u2610
  3697     00BC                     u2611:
  3698     00BC  28C1               	goto	l292
  3699     00BD                     u2610:
  3700     00BD                     l293:	
  3701                           ;main.c: 342:     do { LATAbits.LATA0 = 0; } while(0);
  3702                           
  3703     00BD  0022               	movlb	2	; select bank2
  3704     00BE  100C               	bcf	12,0	;volatile
  3705     00BF                     l295:	
  3706                           ;main.c: 343:     do { LATCbits.LATC1 = 0; } while(0);
  3707                           
  3708     00BF  108E               	bcf	14,1	;volatile
  3709     00C0  28A9               	goto	l2176
  3710     00C1                     l292:
  3711     00C1  193F               	btfsc	_csFlag,2
  3712     00C2  28C4               	goto	u2621
  3713     00C3  28C5               	goto	u2620
  3714     00C4                     u2621:
  3715     00C4  28D5               	goto	l298
  3716     00C5                     u2620:
  3717     00C5                     l2186:
  3718     00C5  1DBF               	btfss	_csFlag,3
  3719     00C6  28C8               	goto	u2631
  3720     00C7  28C9               	goto	u2630
  3721     00C8                     u2631:
  3722     00C8  28D5               	goto	l298
  3723     00C9                     u2630:
  3724     00C9                     l2188:
  3725     00C9  1A3F               	btfsc	_csFlag,4
  3726     00CA  28CC               	goto	u2641
  3727     00CB  28CD               	goto	u2640
  3728     00CC                     u2641:
  3729     00CC  28D5               	goto	l298
  3730     00CD                     u2640:
  3731     00CD                     l2190:
  3732     00CD  1ABF               	btfsc	_csFlag,5
  3733     00CE  28D0               	goto	u2651
  3734     00CF  28D1               	goto	u2650
  3735     00D0                     u2651:
  3736     00D0  28D5               	goto	l298
  3737     00D1                     u2650:
  3738     00D1                     l299:	
  3739                           ;main.c: 347:     do { LATAbits.LATA0 = 0; } while(0);
  3740                           
  3741     00D1  0022               	movlb	2	; select bank2
  3742     00D2  100C               	bcf	12,0	;volatile
  3743     00D3                     l301:	
  3744                           ;main.c: 348:     do { LATCbits.LATC1 = 1; } while(0);
  3745                           
  3746     00D3  148E               	bsf	14,1	;volatile
  3747     00D4  2872               	goto	l2160
  3748     00D5                     l298:
  3749     00D5  193F               	btfsc	_csFlag,2
  3750     00D6  28D8               	goto	u2661
  3751     00D7  28D9               	goto	u2660
  3752     00D8                     u2661:
  3753     00D8  28E9               	goto	l304
  3754     00D9                     u2660:
  3755     00D9                     l2194:
  3756     00D9  1DBF               	btfss	_csFlag,3
  3757     00DA  28DC               	goto	u2671
  3758     00DB  28DD               	goto	u2670
  3759     00DC                     u2671:
  3760     00DC  28E9               	goto	l304
  3761     00DD                     u2670:
  3762     00DD                     l2196:
  3763     00DD  1A3F               	btfsc	_csFlag,4
  3764     00DE  28E0               	goto	u2681
  3765     00DF  28E1               	goto	u2680
  3766     00E0                     u2681:
  3767     00E0  28E9               	goto	l304
  3768     00E1                     u2680:
  3769     00E1                     l2198:
  3770     00E1  1EBF               	btfss	_csFlag,5
  3771     00E2  28E4               	goto	u2691
  3772     00E3  28E5               	goto	u2690
  3773     00E4                     u2691:
  3774     00E4  28E9               	goto	l304
  3775     00E5                     u2690:
  3776     00E5                     l305:	
  3777                           ;main.c: 352:     do { LATAbits.LATA0 = 0; } while(0);
  3778                           
  3779     00E5  0022               	movlb	2	; select bank2
  3780     00E6  100C               	bcf	12,0	;volatile
  3781     00E7                     l307:	
  3782                           ;main.c: 353:     do { LATCbits.LATC1 = 1; } while(0);
  3783                           
  3784     00E7  148E               	bsf	14,1	;volatile
  3785     00E8  288D               	goto	l2168
  3786     00E9                     l304:
  3787     00E9  193F               	btfsc	_csFlag,2
  3788     00EA  28EC               	goto	u2701
  3789     00EB  28ED               	goto	u2700
  3790     00EC                     u2701:
  3791     00EC  28FD               	goto	l310
  3792     00ED                     u2700:
  3793     00ED                     l2202:
  3794     00ED  1DBF               	btfss	_csFlag,3
  3795     00EE  28F0               	goto	u2711
  3796     00EF  28F1               	goto	u2710
  3797     00F0                     u2711:
  3798     00F0  28FD               	goto	l310
  3799     00F1                     u2710:
  3800     00F1                     l2204:
  3801     00F1  1E3F               	btfss	_csFlag,4
  3802     00F2  28F4               	goto	u2721
  3803     00F3  28F5               	goto	u2720
  3804     00F4                     u2721:
  3805     00F4  28FD               	goto	l310
  3806     00F5                     u2720:
  3807     00F5                     l2206:
  3808     00F5  1ABF               	btfsc	_csFlag,5
  3809     00F6  28F8               	goto	u2731
  3810     00F7  28F9               	goto	u2730
  3811     00F8                     u2731:
  3812     00F8  28FD               	goto	l310
  3813     00F9                     u2730:
  3814     00F9                     l311:	
  3815                           ;main.c: 357:     do { LATAbits.LATA0 = 0; } while(0);
  3816                           
  3817     00F9  0022               	movlb	2	; select bank2
  3818     00FA  100C               	bcf	12,0	;volatile
  3819     00FB                     l313:	
  3820                           ;main.c: 358:     do { LATCbits.LATC1 = 1; } while(0);
  3821                           
  3822     00FB  148E               	bsf	14,1	;volatile
  3823     00FC  2872               	goto	l2160
  3824     00FD                     l310:
  3825     00FD  193F               	btfsc	_csFlag,2
  3826     00FE  2900               	goto	u2741
  3827     00FF  2901               	goto	u2740
  3828     0100                     u2741:
  3829     0100  2911               	goto	l316
  3830     0101                     u2740:
  3831     0101                     l2210:
  3832     0101  1DBF               	btfss	_csFlag,3
  3833     0102  2904               	goto	u2751
  3834     0103  2905               	goto	u2750
  3835     0104                     u2751:
  3836     0104  2911               	goto	l316
  3837     0105                     u2750:
  3838     0105                     l2212:
  3839     0105  1E3F               	btfss	_csFlag,4
  3840     0106  2908               	goto	u2761
  3841     0107  2909               	goto	u2760
  3842     0108                     u2761:
  3843     0108  2911               	goto	l316
  3844     0109                     u2760:
  3845     0109                     l2214:
  3846     0109  1EBF               	btfss	_csFlag,5
  3847     010A  290C               	goto	u2771
  3848     010B  290D               	goto	u2770
  3849     010C                     u2771:
  3850     010C  2911               	goto	l316
  3851     010D                     u2770:
  3852     010D                     l317:	
  3853                           ;main.c: 362:     do { LATAbits.LATA0 = 0; } while(0);
  3854                           
  3855     010D  0022               	movlb	2	; select bank2
  3856     010E  100C               	bcf	12,0	;volatile
  3857     010F                     l319:	
  3858                           ;main.c: 363:     do { LATCbits.LATC1 = 1; } while(0);
  3859                           
  3860     010F  148E               	bsf	14,1	;volatile
  3861     0110  288D               	goto	l2168
  3862     0111                     l316:
  3863     0111  1D3F               	btfss	_csFlag,2
  3864     0112  2914               	goto	u2781
  3865     0113  2915               	goto	u2780
  3866     0114                     u2781:
  3867     0114  2925               	goto	l322
  3868     0115                     u2780:
  3869     0115                     l2218:
  3870     0115  19BF               	btfsc	_csFlag,3
  3871     0116  2918               	goto	u2791
  3872     0117  2919               	goto	u2790
  3873     0118                     u2791:
  3874     0118  2925               	goto	l322
  3875     0119                     u2790:
  3876     0119                     l2220:
  3877     0119  1A3F               	btfsc	_csFlag,4
  3878     011A  291C               	goto	u2801
  3879     011B  291D               	goto	u2800
  3880     011C                     u2801:
  3881     011C  2925               	goto	l322
  3882     011D                     u2800:
  3883     011D                     l2222:
  3884     011D  1ABF               	btfsc	_csFlag,5
  3885     011E  2920               	goto	u2811
  3886     011F  2921               	goto	u2810
  3887     0120                     u2811:
  3888     0120  2925               	goto	l322
  3889     0121                     u2810:
  3890     0121                     l323:	
  3891                           ;main.c: 367:     do { LATAbits.LATA0 = 1; } while(0);
  3892                           
  3893     0121  0022               	movlb	2	; select bank2
  3894     0122  140C               	bsf	12,0	;volatile
  3895     0123                     l325:	
  3896                           ;main.c: 368:     do { LATCbits.LATC1 = 0; } while(0);
  3897                           
  3898     0123  108E               	bcf	14,1	;volatile
  3899     0124  2872               	goto	l2160
  3900     0125                     l322:
  3901     0125  1D3F               	btfss	_csFlag,2
  3902     0126  2928               	goto	u2821
  3903     0127  2929               	goto	u2820
  3904     0128                     u2821:
  3905     0128  2939               	goto	l328
  3906     0129                     u2820:
  3907     0129                     l2226:
  3908     0129  19BF               	btfsc	_csFlag,3
  3909     012A  292C               	goto	u2831
  3910     012B  292D               	goto	u2830
  3911     012C                     u2831:
  3912     012C  2939               	goto	l328
  3913     012D                     u2830:
  3914     012D                     l2228:
  3915     012D  1A3F               	btfsc	_csFlag,4
  3916     012E  2930               	goto	u2841
  3917     012F  2931               	goto	u2840
  3918     0130                     u2841:
  3919     0130  2939               	goto	l328
  3920     0131                     u2840:
  3921     0131                     l2230:
  3922     0131  1EBF               	btfss	_csFlag,5
  3923     0132  2934               	goto	u2851
  3924     0133  2935               	goto	u2850
  3925     0134                     u2851:
  3926     0134  2939               	goto	l328
  3927     0135                     u2850:
  3928     0135                     l329:	
  3929                           ;main.c: 372:     do { LATAbits.LATA0 = 0; } while(0);
  3930                           
  3931     0135  0022               	movlb	2	; select bank2
  3932     0136  100C               	bcf	12,0	;volatile
  3933     0137                     l331:	
  3934                           ;main.c: 373:     do { LATCbits.LATC1 = 0; } while(0);
  3935                           
  3936     0137  108E               	bcf	14,1	;volatile
  3937     0138  288D               	goto	l2168
  3938     0139                     l328:
  3939     0139  1D3F               	btfss	_csFlag,2
  3940     013A  293C               	goto	u2861
  3941     013B  293D               	goto	u2860
  3942     013C                     u2861:
  3943     013C  294D               	goto	l334
  3944     013D                     u2860:
  3945     013D                     l2234:
  3946     013D  19BF               	btfsc	_csFlag,3
  3947     013E  2940               	goto	u2871
  3948     013F  2941               	goto	u2870
  3949     0140                     u2871:
  3950     0140  294D               	goto	l334
  3951     0141                     u2870:
  3952     0141                     l2236:
  3953     0141  1E3F               	btfss	_csFlag,4
  3954     0142  2944               	goto	u2881
  3955     0143  2945               	goto	u2880
  3956     0144                     u2881:
  3957     0144  294D               	goto	l334
  3958     0145                     u2880:
  3959     0145                     l2238:
  3960     0145  1ABF               	btfsc	_csFlag,5
  3961     0146  2948               	goto	u2891
  3962     0147  2949               	goto	u2890
  3963     0148                     u2891:
  3964     0148  294D               	goto	l334
  3965     0149                     u2890:
  3966     0149                     l335:	
  3967                           ;main.c: 377:     do { LATAbits.LATA0 = 0; } while(0);
  3968                           
  3969     0149  0022               	movlb	2	; select bank2
  3970     014A  100C               	bcf	12,0	;volatile
  3971     014B                     l337:	
  3972                           ;main.c: 378:     do { LATCbits.LATC1 = 0; } while(0);
  3973                           
  3974     014B  108E               	bcf	14,1	;volatile
  3975     014C  28A9               	goto	l2176
  3976     014D                     l334:
  3977     014D  1D3F               	btfss	_csFlag,2
  3978     014E  2950               	goto	u2901
  3979     014F  2951               	goto	u2900
  3980     0150                     u2901:
  3981     0150  2961               	goto	l340
  3982     0151                     u2900:
  3983     0151                     l2242:
  3984     0151  19BF               	btfsc	_csFlag,3
  3985     0152  2954               	goto	u2911
  3986     0153  2955               	goto	u2910
  3987     0154                     u2911:
  3988     0154  2961               	goto	l340
  3989     0155                     u2910:
  3990     0155                     l2244:
  3991     0155  1E3F               	btfss	_csFlag,4
  3992     0156  2958               	goto	u2921
  3993     0157  2959               	goto	u2920
  3994     0158                     u2921:
  3995     0158  2961               	goto	l340
  3996     0159                     u2920:
  3997     0159                     l2246:
  3998     0159  1EBF               	btfss	_csFlag,5
  3999     015A  295C               	goto	u2931
  4000     015B  295D               	goto	u2930
  4001     015C                     u2931:
  4002     015C  2961               	goto	l340
  4003     015D                     u2930:
  4004     015D                     l341:	
  4005                           ;main.c: 382:     do { LATAbits.LATA0 = 0; } while(0);
  4006                           
  4007     015D  0022               	movlb	2	; select bank2
  4008     015E  100C               	bcf	12,0	;volatile
  4009     015F                     l343:	
  4010                           ;main.c: 383:     do { LATCbits.LATC1 = 0; } while(0);
  4011                           
  4012     015F  108E               	bcf	14,1	;volatile
  4013     0160  28A9               	goto	l2176
  4014     0161                     l340:
  4015     0161  1D3F               	btfss	_csFlag,2
  4016     0162  2964               	goto	u2941
  4017     0163  2965               	goto	u2940
  4018     0164                     u2941:
  4019     0164  2975               	goto	l346
  4020     0165                     u2940:
  4021     0165                     l2250:
  4022     0165  1DBF               	btfss	_csFlag,3
  4023     0166  2968               	goto	u2951
  4024     0167  2969               	goto	u2950
  4025     0168                     u2951:
  4026     0168  2975               	goto	l346
  4027     0169                     u2950:
  4028     0169                     l2252:
  4029     0169  1A3F               	btfsc	_csFlag,4
  4030     016A  296C               	goto	u2961
  4031     016B  296D               	goto	u2960
  4032     016C                     u2961:
  4033     016C  2975               	goto	l346
  4034     016D                     u2960:
  4035     016D                     l2254:
  4036     016D  1ABF               	btfsc	_csFlag,5
  4037     016E  2970               	goto	u2971
  4038     016F  2971               	goto	u2970
  4039     0170                     u2971:
  4040     0170  2975               	goto	l346
  4041     0171                     u2970:
  4042     0171                     l347:	
  4043                           ;main.c: 387:     do { LATAbits.LATA0 = 1; } while(0);
  4044                           
  4045     0171  0022               	movlb	2	; select bank2
  4046     0172  140C               	bsf	12,0	;volatile
  4047     0173                     l349:	
  4048                           ;main.c: 388:     do { LATCbits.LATC1 = 1; } while(0);
  4049                           
  4050     0173  148E               	bsf	14,1	;volatile
  4051     0174  2872               	goto	l2160
  4052     0175                     l346:
  4053     0175  1D3F               	btfss	_csFlag,2
  4054     0176  2978               	goto	u2981
  4055     0177  2979               	goto	u2980
  4056     0178                     u2981:
  4057     0178  2989               	goto	l352
  4058     0179                     u2980:
  4059     0179                     l2258:
  4060     0179  1DBF               	btfss	_csFlag,3
  4061     017A  297C               	goto	u2991
  4062     017B  297D               	goto	u2990
  4063     017C                     u2991:
  4064     017C  2989               	goto	l352
  4065     017D                     u2990:
  4066     017D                     l2260:
  4067     017D  1A3F               	btfsc	_csFlag,4
  4068     017E  2980               	goto	u3001
  4069     017F  2981               	goto	u3000
  4070     0180                     u3001:
  4071     0180  2989               	goto	l352
  4072     0181                     u3000:
  4073     0181                     l2262:
  4074     0181  1EBF               	btfss	_csFlag,5
  4075     0182  2984               	goto	u3011
  4076     0183  2985               	goto	u3010
  4077     0184                     u3011:
  4078     0184  2989               	goto	l352
  4079     0185                     u3010:
  4080     0185                     l353:	
  4081                           ;main.c: 392:     do { LATAbits.LATA0 = 1; } while(0);
  4082                           
  4083     0185  0022               	movlb	2	; select bank2
  4084     0186  140C               	bsf	12,0	;volatile
  4085     0187                     l355:	
  4086                           ;main.c: 393:     do { LATCbits.LATC1 = 1; } while(0);
  4087                           
  4088     0187  148E               	bsf	14,1	;volatile
  4089     0188  288D               	goto	l2168
  4090     0189                     l352:
  4091     0189  1D3F               	btfss	_csFlag,2
  4092     018A  298C               	goto	u3021
  4093     018B  298D               	goto	u3020
  4094     018C                     u3021:
  4095     018C  299D               	goto	l358
  4096     018D                     u3020:
  4097     018D                     l2266:
  4098     018D  1DBF               	btfss	_csFlag,3
  4099     018E  2990               	goto	u3031
  4100     018F  2991               	goto	u3030
  4101     0190                     u3031:
  4102     0190  299D               	goto	l358
  4103     0191                     u3030:
  4104     0191                     l2268:
  4105     0191  1E3F               	btfss	_csFlag,4
  4106     0192  2994               	goto	u3041
  4107     0193  2995               	goto	u3040
  4108     0194                     u3041:
  4109     0194  299D               	goto	l358
  4110     0195                     u3040:
  4111     0195                     l2270:
  4112     0195  1ABF               	btfsc	_csFlag,5
  4113     0196  2998               	goto	u3051
  4114     0197  2999               	goto	u3050
  4115     0198                     u3051:
  4116     0198  299D               	goto	l358
  4117     0199                     u3050:
  4118     0199                     l359:	
  4119                           ;main.c: 397:     do { LATAbits.LATA0 = 1; } while(0);
  4120                           
  4121     0199  0022               	movlb	2	; select bank2
  4122     019A  140C               	bsf	12,0	;volatile
  4123     019B                     l361:	
  4124                           ;main.c: 398:     do { LATCbits.LATC1 = 1; } while(0);
  4125                           
  4126     019B  148E               	bsf	14,1	;volatile
  4127     019C  2872               	goto	l2160
  4128     019D                     l358:
  4129     019D  1D3F               	btfss	_csFlag,2
  4130     019E  29A0               	goto	u3061
  4131     019F  29A1               	goto	u3060
  4132     01A0                     u3061:
  4133     01A0  29B1               	goto	l351
  4134     01A1                     u3060:
  4135     01A1                     l2274:
  4136     01A1  1DBF               	btfss	_csFlag,3
  4137     01A2  29A4               	goto	u3071
  4138     01A3  29A5               	goto	u3070
  4139     01A4                     u3071:
  4140     01A4  29B1               	goto	l351
  4141     01A5                     u3070:
  4142     01A5                     l2276:
  4143     01A5  1E3F               	btfss	_csFlag,4
  4144     01A6  29A8               	goto	u3081
  4145     01A7  29A9               	goto	u3080
  4146     01A8                     u3081:
  4147     01A8  29B1               	goto	l351
  4148     01A9                     u3080:
  4149     01A9                     l2278:
  4150     01A9  1EBF               	btfss	_csFlag,5
  4151     01AA  29AC               	goto	u3091
  4152     01AB  29AD               	goto	u3090
  4153     01AC                     u3091:
  4154     01AC  29B1               	goto	l351
  4155     01AD                     u3090:
  4156     01AD                     l365:	
  4157                           ;main.c: 402:     do { LATAbits.LATA0 = 1; } while(0);
  4158                           
  4159     01AD  0022               	movlb	2	; select bank2
  4160     01AE  140C               	bsf	12,0	;volatile
  4161     01AF                     l367:	
  4162                           ;main.c: 403:     do { LATCbits.LATC1 = 1; } while(0);
  4163                           
  4164     01AF  148E               	bsf	14,1	;volatile
  4165     01B0  288D               	goto	l2168
  4166     01B1                     l351:
  4167     01B1                     l2282:
  4168                           
  4169                           ;main.c: 407:   for (uint8_t i = 0; i < 11; i++) {
  4170     01B1  0020               	movlb	0	; select bank0
  4171     01B2  01CD               	clrf	LED_output@i
  4172     01B3                     l2288:
  4173                           
  4174                           ;main.c: 408:     data_buf[i] = 0;
  4175     01B3  084D               	movf	LED_output@i,w
  4176     01B4  3E20               	addlw	(low (_data_buf| 0))& (0+255)
  4177     01B5  0086               	movwf	6
  4178     01B6  0187               	clrf	7
  4179     01B7  0181               	clrf	1
  4180     01B8                     l2290:
  4181                           
  4182                           ;main.c: 409:   }
  4183     01B8  3001               	movlw	1
  4184     01B9  00CB               	movwf	??_LED_output
  4185     01BA  084B               	movf	??_LED_output,w
  4186     01BB  07CD               	addwf	LED_output@i,f
  4187     01BC                     l2292:
  4188     01BC  300B               	movlw	11
  4189     01BD  024D               	subwf	LED_output@i,w
  4190     01BE  1C03               	skipc
  4191     01BF  29C1               	goto	u3101
  4192     01C0  29C2               	goto	u3100
  4193     01C1                     u3101:
  4194     01C1  29B3               	goto	l2288
  4195     01C2                     u3100:
  4196     01C2                     l267:
  4197     01C2  0008               	return
  4198     01C3                     __end_of_LED_output:
  4199                           
  4200                           	psect	text14
  4201     036A                     __ptext14:	
  4202 ;; *************** function _DRL_ON *****************
  4203 ;; Defined at:
  4204 ;;		line 275 in file "main.c"
  4205 ;; Parameters:    Size  Location     Type
  4206 ;;		None
  4207 ;; Auto vars:     Size  Location     Type
  4208 ;;  pwm_duty        2    4[BANK0 ] unsigned short 
  4209 ;; Return value:  Size  Location     Type
  4210 ;;                  1    wreg      void 
  4211 ;; Registers used:
  4212 ;;		wreg, status,2, status,0, pclath, cstack
  4213 ;; Tracked objects:
  4214 ;;		On entry : 0/0
  4215 ;;		On exit  : 0/0
  4216 ;;		Unchanged: 0/0
  4217 ;; Data sizes:     COMMON   BANK0   BANK1   BANK2   BANK3   BANK4   BANK5   BANK6
  4218 ;;      Params:         0       0       0       0       0       0       0       0
  4219 ;;      Locals:         0       2       0       0       0       0       0       0
  4220 ;;      Temps:          0       0       0       0       0       0       0       0
  4221 ;;      Totals:         0       2       0       0       0       0       0       0
  4222 ;;Total ram usage:        2 bytes
  4223 ;; Hardware stack levels used: 1
  4224 ;; Hardware stack levels required when called: 5
  4225 ;; This function calls:
  4226 ;;		_EPWM1_LoadDutyValue
  4227 ;; This function is called by:
  4228 ;;		_LED_output
  4229 ;; This function uses a non-reentrant model
  4230 ;;
  4231                           
  4232     036A                     _DRL_ON:	
  4233                           ;psect for function _DRL_ON
  4234                           
  4235     036A                     l2096:	
  4236                           ;incstack = 0
  4237                           ; Regs used in _DRL_ON: [wreg+status,2+status,0+pclath+cstack]
  4238                           
  4239                           
  4240                           ;main.c: 276:   uint16_t pwm_duty = (500);
  4241     036A  30F4               	movlw	244
  4242     036B  0020               	movlb	0	; select bank0
  4243     036C  00C9               	movwf	DRL_ON@pwm_duty
  4244     036D  3001               	movlw	1
  4245     036E  00CA               	movwf	DRL_ON@pwm_duty+1
  4246     036F                     l2098:
  4247                           
  4248                           ;main.c: 278:   if (fLampSide == 0) {
  4249     036F  083B               	movf	_fLampSide,w
  4250     0370  1D03               	btfss	3,2
  4251     0371  2B73               	goto	u2311
  4252     0372  2B74               	goto	u2310
  4253     0373                     u2311:
  4254     0373  2B8C               	goto	l255
  4255     0374                     u2310:
  4256     0374                     l2100:
  4257                           
  4258                           ;main.c: 280:     if (csFlag.turnLight_R == 1 && csFlag.RunLight == 0)
  4259     0374  1C3F               	btfss	_csFlag,0
  4260     0375  2B77               	goto	u2321
  4261     0376  2B78               	goto	u2320
  4262     0377                     u2321:
  4263     0377  2B7F               	goto	l256
  4264     0378                     u2320:
  4265     0378                     l2102:
  4266     0378  1ABF               	btfsc	_csFlag,5
  4267     0379  2B7B               	goto	u2331
  4268     037A  2B7C               	goto	u2330
  4269     037B                     u2331:
  4270     037B  2B7F               	goto	l256
  4271     037C                     u2330:
  4272     037C                     l2104:
  4273                           
  4274                           ;main.c: 281:       pwm_duty = (0);
  4275     037C  01C9               	clrf	DRL_ON@pwm_duty
  4276     037D  01CA               	clrf	DRL_ON@pwm_duty+1
  4277     037E  2B9E               	goto	l2118
  4278     037F                     l256:	
  4279                           ;main.c: 282:     else if(csFlag.turnLight_R == 1 && csFlag.RunLight == 1)
  4280                           
  4281     037F  1C3F               	btfss	_csFlag,0
  4282     0380  2B82               	goto	u2341
  4283     0381  2B83               	goto	u2340
  4284     0382                     u2341:
  4285     0382  2B9E               	goto	l2118
  4286     0383                     u2340:
  4287     0383                     l2106:
  4288     0383  1EBF               	btfss	_csFlag,5
  4289     0384  2B86               	goto	u2351
  4290     0385  2B87               	goto	u2350
  4291     0386                     u2351:
  4292     0386  2B9E               	goto	l2118
  4293     0387                     u2350:
  4294     0387                     l2108:
  4295                           
  4296                           ;main.c: 283:       pwm_duty = (50);
  4297     0387  3032               	movlw	50
  4298     0388  00C9               	movwf	DRL_ON@pwm_duty
  4299     0389  3000               	movlw	0
  4300     038A  00CA               	movwf	DRL_ON@pwm_duty+1
  4301     038B  2B9E               	goto	l2118
  4302     038C                     l255:
  4303                           
  4304                           ;main.c: 286:     if (csFlag.turnLight_L == 1 && csFlag.RunLight == 0)
  4305     038C  1CBF               	btfss	_csFlag,1
  4306     038D  2B8F               	goto	u2361
  4307     038E  2B90               	goto	u2360
  4308     038F                     u2361:
  4309     038F  2B95               	goto	l260
  4310     0390                     u2360:
  4311     0390                     l2110:
  4312     0390  1ABF               	btfsc	_csFlag,5
  4313     0391  2B93               	goto	u2371
  4314     0392  2B94               	goto	u2370
  4315     0393                     u2371:
  4316     0393  2B95               	goto	l260
  4317     0394                     u2370:
  4318     0394  2B7C               	goto	l2104
  4319     0395                     l260:	
  4320                           ;main.c: 288:     else if(csFlag.turnLight_L == 1 && csFlag.RunLight == 1)
  4321                           
  4322     0395  1CBF               	btfss	_csFlag,1
  4323     0396  2B98               	goto	u2381
  4324     0397  2B99               	goto	u2380
  4325     0398                     u2381:
  4326     0398  2B9E               	goto	l2118
  4327     0399                     u2380:
  4328     0399                     l2114:
  4329     0399  1EBF               	btfss	_csFlag,5
  4330     039A  2B9C               	goto	u2391
  4331     039B  2B9D               	goto	u2390
  4332     039C                     u2391:
  4333     039C  2B9E               	goto	l2118
  4334     039D                     u2390:
  4335     039D  2B87               	goto	l2108
  4336     039E                     l2118:
  4337                           
  4338                           ;main.c: 302:   EPWM1_LoadDutyValue(pwm_duty);
  4339     039E  084A               	movf	DRL_ON@pwm_duty+1,w
  4340     039F  00C6               	movwf	EPWM1_LoadDutyValue@dutyValue+1
  4341     03A0  0849               	movf	DRL_ON@pwm_duty,w
  4342     03A1  00C5               	movwf	EPWM1_LoadDutyValue@dutyValue
  4343     03A2  3184  2411  3183   	fcall	_EPWM1_LoadDutyValue
  4344     03A5                     l263:
  4345     03A5  0008               	return
  4346     03A6                     __end_of_DRL_ON:
  4347                           
  4348                           	psect	text15
  4349     03A6                     __ptext15:	
  4350 ;; *************** function _Exception_handling *****************
  4351 ;; Defined at:
  4352 ;;		line 254 in file "main.c"
  4353 ;; Parameters:    Size  Location     Type
  4354 ;;		None
  4355 ;; Auto vars:     Size  Location     Type
  4356 ;;		None
  4357 ;; Return value:  Size  Location     Type
  4358 ;;                  1    wreg      void 
  4359 ;; Registers used:
  4360 ;;		wreg, status,2, status,0, pclath, cstack
  4361 ;; Tracked objects:
  4362 ;;		On entry : 0/0
  4363 ;;		On exit  : 0/0
  4364 ;;		Unchanged: 0/0
  4365 ;; Data sizes:     COMMON   BANK0   BANK1   BANK2   BANK3   BANK4   BANK5   BANK6
  4366 ;;      Params:         0       0       0       0       0       0       0       0
  4367 ;;      Locals:         0       0       0       0       0       0       0       0
  4368 ;;      Temps:          0       0       0       0       0       0       0       0
  4369 ;;      Totals:         0       0       0       0       0       0       0       0
  4370 ;;Total ram usage:        0 bytes
  4371 ;; Hardware stack levels used: 1
  4372 ;; Hardware stack levels required when called: 5
  4373 ;; This function calls:
  4374 ;;		_EPWM1_LoadDutyValue
  4375 ;; This function is called by:
  4376 ;;		_main
  4377 ;; This function uses a non-reentrant model
  4378 ;;
  4379                           
  4380     03A6                     _Exception_handling:	
  4381                           ;psect for function _Exception_handling
  4382                           
  4383     03A6                     l2122:	
  4384                           ;incstack = 0
  4385                           ; Regs used in _Exception_handling: [wreg+status,2+status,0+pclath+cstack]
  4386                           
  4387                           
  4388                           ;main.c: 255:   if ((data_buf[2] == 6) && (data_buf[10] == 0xD5)) {
  4389     03A6  3006               	movlw	6
  4390     03A7  0020               	movlb	0	; select bank0
  4391     03A8  0622               	xorwf	_data_buf+2,w
  4392     03A9  1D03               	btfss	3,2
  4393     03AA  2BAC               	goto	u2401
  4394     03AB  2BAD               	goto	u2400
  4395     03AC                     u2401:
  4396     03AC  2BC4               	goto	l2132
  4397     03AD                     u2400:
  4398     03AD                     l2124:
  4399     03AD  30D5               	movlw	213
  4400     03AE  062A               	xorwf	_data_buf+10,w
  4401     03AF  1D03               	btfss	3,2
  4402     03B0  2BB2               	goto	u2411
  4403     03B1  2BB3               	goto	u2410
  4404     03B2                     u2411:
  4405     03B2  2BC4               	goto	l2132
  4406     03B3                     u2410:
  4407     03B3                     l2126:
  4408                           
  4409                           ;main.c: 256:     fException = 1;
  4410     03B3  01BD               	clrf	_fException
  4411     03B4  0ABD               	incf	_fException,f
  4412     03B5                     l237:	
  4413                           ;main.c: 257:     do { LATAbits.LATA3 = 1; } while(0);
  4414                           
  4415     03B5  0022               	movlb	2	; select bank2
  4416     03B6  158C               	bsf	12,3	;volatile
  4417     03B7                     l239:	
  4418                           ;main.c: 259:     do { LATCbits.LATC1 = 0; } while(0);
  4419                           
  4420     03B7  108E               	bcf	14,1	;volatile
  4421     03B8                     l241:	
  4422                           ;main.c: 260:     do { LATAbits.LATA0 = 0; } while(0);
  4423                           
  4424     03B8  100C               	bcf	12,0	;volatile
  4425     03B9                     l2128:
  4426                           
  4427                           ;main.c: 261:     EPWM1_LoadDutyValue((50));
  4428     03B9  3032               	movlw	50
  4429     03BA  0020               	movlb	0	; select bank0
  4430     03BB  00C5               	movwf	EPWM1_LoadDutyValue@dutyValue
  4431     03BC  3000               	movlw	0
  4432     03BD  00C6               	movwf	EPWM1_LoadDutyValue@dutyValue+1
  4433     03BE  3184  2411  3183   	fcall	_EPWM1_LoadDutyValue
  4434     03C1                     l2130:
  4435                           
  4436                           ;main.c: 262:     T10MS_CNT = 0;
  4437     03C1  0020               	movlb	0	; select bank0
  4438     03C2  01BE               	clrf	_T10MS_CNT	;volatile
  4439                           
  4440                           ;main.c: 263:   } else if ((data_buf[2] == 2) && (data_buf[10] == 0xB4)) {
  4441     03C3  2BDF               	goto	l252
  4442     03C4                     l2132:
  4443     03C4  3002               	movlw	2
  4444     03C5  0622               	xorwf	_data_buf+2,w
  4445     03C6  1D03               	btfss	3,2
  4446     03C7  2BC9               	goto	u2421
  4447     03C8  2BCA               	goto	u2420
  4448     03C9                     u2421:
  4449     03C9  2BDE               	goto	l2142
  4450     03CA                     u2420:
  4451     03CA                     l2134:
  4452     03CA  30B4               	movlw	180
  4453     03CB  062A               	xorwf	_data_buf+10,w
  4454     03CC  1D03               	btfss	3,2
  4455     03CD  2BCF               	goto	u2431
  4456     03CE  2BD0               	goto	u2430
  4457     03CF                     u2431:
  4458     03CF  2BDE               	goto	l2142
  4459     03D0                     u2430:
  4460     03D0                     l2136:
  4461                           
  4462                           ;main.c: 264:     fException = 1;
  4463     03D0  01BD               	clrf	_fException
  4464     03D1  0ABD               	incf	_fException,f
  4465     03D2                     l245:	
  4466                           ;main.c: 265:     do { LATAbits.LATA3 = 0; } while(0);
  4467                           
  4468     03D2  0022               	movlb	2	; select bank2
  4469     03D3  118C               	bcf	12,3	;volatile
  4470     03D4                     l247:	
  4471                           ;main.c: 266:     do { LATCbits.LATC1 = 0; } while(0);
  4472                           
  4473     03D4  108E               	bcf	14,1	;volatile
  4474     03D5                     l249:	
  4475                           ;main.c: 267:     do { LATAbits.LATA0 = 0; } while(0);
  4476                           
  4477     03D5  100C               	bcf	12,0	;volatile
  4478     03D6                     l2138:
  4479                           
  4480                           ;main.c: 268:     EPWM1_LoadDutyValue((0));
  4481     03D6  3000               	movlw	0
  4482     03D7  0020               	movlb	0	; select bank0
  4483     03D8  00C5               	movwf	EPWM1_LoadDutyValue@dutyValue
  4484     03D9  00C6               	movwf	EPWM1_LoadDutyValue@dutyValue+1
  4485     03DA  3184  2411  3183   	fcall	_EPWM1_LoadDutyValue
  4486     03DD  2BC1               	goto	l2130
  4487     03DE                     l2142:
  4488                           
  4489                           ;main.c: 271:     fException = 0;
  4490     03DE  01BD               	clrf	_fException
  4491     03DF                     l252:
  4492     03DF  0008               	return
  4493     03E0                     __end_of_Exception_handling:
  4494                           
  4495                           	psect	text16
  4496     0411                     __ptext16:	
  4497 ;; *************** function _EPWM1_LoadDutyValue *****************
  4498 ;; Defined at:
  4499 ;;		line 90 in file "mcc_generated_files/epwm1.c"
  4500 ;; Parameters:    Size  Location     Type
  4501 ;;  dutyValue       2    0[BANK0 ] unsigned short 
  4502 ;; Auto vars:     Size  Location     Type
  4503 ;;		None
  4504 ;; Return value:  Size  Location     Type
  4505 ;;                  1    wreg      void 
  4506 ;; Registers used:
  4507 ;;		wreg, status,2, status,0
  4508 ;; Tracked objects:
  4509 ;;		On entry : 0/0
  4510 ;;		On exit  : 0/0
  4511 ;;		Unchanged: 0/0
  4512 ;; Data sizes:     COMMON   BANK0   BANK1   BANK2   BANK3   BANK4   BANK5   BANK6
  4513 ;;      Params:         0       2       0       0       0       0       0       0
  4514 ;;      Locals:         0       0       0       0       0       0       0       0
  4515 ;;      Temps:          0       2       0       0       0       0       0       0
  4516 ;;      Totals:         0       4       0       0       0       0       0       0
  4517 ;;Total ram usage:        4 bytes
  4518 ;; Hardware stack levels used: 1
  4519 ;; Hardware stack levels required when called: 4
  4520 ;; This function calls:
  4521 ;;		Nothing
  4522 ;; This function is called by:
  4523 ;;		_Exception_handling
  4524 ;;		_DRL_ON
  4525 ;;		_LED_output
  4526 ;;		_main
  4527 ;; This function uses a non-reentrant model
  4528 ;;
  4529                           
  4530     0411                     _EPWM1_LoadDutyValue:	
  4531                           ;psect for function _EPWM1_LoadDutyValue
  4532                           
  4533     0411                     l2018:	
  4534                           ;incstack = 0
  4535                           ; Regs used in _EPWM1_LoadDutyValue: [wreg+status,2+status,0]
  4536                           
  4537                           
  4538                           ;mcc_generated_files/epwm1.c: 90: void EPWM1_LoadDutyValue(uint16_t dutyValue);mcc_gener
      +                          ated_files/epwm1.c: 91: {;mcc_generated_files/epwm1.c: 93:     CCPR1L = ((dutyValue & 0x
      +                          03FC)>>2);
  4539     0411  0020               	movlb	0	; select bank0
  4540     0412  0846               	movf	EPWM1_LoadDutyValue@dutyValue+1,w
  4541     0413  00C8               	movwf	??_EPWM1_LoadDutyValue+1
  4542     0414  0845               	movf	EPWM1_LoadDutyValue@dutyValue,w
  4543     0415  00C7               	movwf	??_EPWM1_LoadDutyValue
  4544     0416  36C8               	lsrf	??_EPWM1_LoadDutyValue+1,f
  4545     0417  0CC7               	rrf	??_EPWM1_LoadDutyValue,f
  4546     0418  36C8               	lsrf	??_EPWM1_LoadDutyValue+1,f
  4547     0419  0CC7               	rrf	??_EPWM1_LoadDutyValue,f
  4548     041A  0847               	movf	??_EPWM1_LoadDutyValue,w
  4549     041B  0025               	movlb	5	; select bank5
  4550     041C  0091               	movwf	17	;volatile
  4551                           
  4552                           ;mcc_generated_files/epwm1.c: 96:     CCP1CON = (uint8_t)((CCP1CON & 0xCF) | ((dutyValue
      +                           & 0x0003)<<4));
  4553     041D  0020               	movlb	0	; select bank0
  4554     041E  0845               	movf	EPWM1_LoadDutyValue@dutyValue,w
  4555     041F  3903               	andlw	3
  4556     0420  00C7               	movwf	??_EPWM1_LoadDutyValue
  4557     0421  3004               	movlw	4
  4558     0422                     u2295:
  4559     0422  35C7               	lslf	??_EPWM1_LoadDutyValue,f
  4560     0423  0B89               	decfsz	9,f
  4561     0424  2C22               	goto	u2295
  4562     0425  0025               	movlb	5	; select bank5
  4563     0426  0813               	movf	19,w	;volatile
  4564     0427  39CF               	andlw	207
  4565     0428  0020               	movlb	0	; select bank0
  4566     0429  0447               	iorwf	??_EPWM1_LoadDutyValue,w
  4567     042A  0025               	movlb	5	; select bank5
  4568     042B  0093               	movwf	19	;volatile
  4569     042C                     l189:
  4570     042C  0008               	return
  4571     042D                     __end_of_EPWM1_LoadDutyValue:
  4572                           
  4573                           	psect	intentry
  4574     0004                     __pintentry:	
  4575 ;; *************** function _INTERRUPT_InterruptManager *****************
  4576 ;; Defined at:
  4577 ;;		line 52 in file "mcc_generated_files/interrupt_manager.c"
  4578 ;; Parameters:    Size  Location     Type
  4579 ;;		None
  4580 ;; Auto vars:     Size  Location     Type
  4581 ;;		None
  4582 ;; Return value:  Size  Location     Type
  4583 ;;                  1    wreg      void 
  4584 ;; Registers used:
  4585 ;;		wreg, status,2, status,0, pclath, cstack
  4586 ;; Tracked objects:
  4587 ;;		On entry : 0/0
  4588 ;;		On exit  : 0/0
  4589 ;;		Unchanged: 0/0
  4590 ;; Data sizes:     COMMON   BANK0   BANK1   BANK2   BANK3   BANK4   BANK5   BANK6
  4591 ;;      Params:         0       0       0       0       0       0       0       0
  4592 ;;      Locals:         0       0       0       0       0       0       0       0
  4593 ;;      Temps:          0       0       0       0       0       0       0       0
  4594 ;;      Totals:         0       0       0       0       0       0       0       0
  4595 ;;Total ram usage:        0 bytes
  4596 ;; Hardware stack levels used: 1
  4597 ;; Hardware stack levels required when called: 3
  4598 ;; This function calls:
  4599 ;;		_ECCP3_CaptureISR
  4600 ;;		_TMR0_ISR
  4601 ;; This function is called by:
  4602 ;;		Interrupt level 1
  4603 ;; This function uses a non-reentrant model
  4604 ;;
  4605                           
  4606     0004                     _INTERRUPT_InterruptManager:
  4607                           
  4608                           ;incstack = 0
  4609     0004  147E               	bsf	int$flags,0	;set compiler interrupt flag (level 1)
  4610                           
  4611                           ; Regs used in _INTERRUPT_InterruptManager: [wreg+status,2+status,0+pclath+cstack]
  4612     0005  3180               	pagesel	$
  4613     0006                     i1l1970:
  4614                           
  4615                           ;mcc_generated_files/interrupt_manager.c: 55:     if(INTCONbits.TMR0IE == 1 && INTCONbit
      +                          s.TMR0IF == 1)
  4616     0006  1E8B               	btfss	11,5	;volatile
  4617     0007  2809               	goto	u221_21
  4618     0008  280A               	goto	u221_20
  4619     0009                     u221_21:
  4620     0009  2812               	goto	i1l53
  4621     000A                     u221_20:
  4622     000A                     i1l1972:
  4623     000A  1D0B               	btfss	11,2	;volatile
  4624     000B  280D               	goto	u222_21
  4625     000C  280E               	goto	u222_20
  4626     000D                     u222_21:
  4627     000D  2812               	goto	i1l53
  4628     000E                     u222_20:
  4629     000E                     i1l1974:
  4630                           
  4631                           ;mcc_generated_files/interrupt_manager.c: 56:     {;mcc_generated_files/interrupt_manage
      +                          r.c: 57:         TMR0_ISR();
  4632     000E  3184  2461  3180   	fcall	_TMR0_ISR
  4633                           
  4634                           ;mcc_generated_files/interrupt_manager.c: 58:     }
  4635     0011  2824               	goto	i1l59
  4636     0012                     i1l53:	
  4637                           ;mcc_generated_files/interrupt_manager.c: 59:     else if(INTCONbits.PEIE == 1)
  4638                           
  4639     0012  1F0B               	btfss	11,6	;volatile
  4640     0013  2815               	goto	u223_21
  4641     0014  2816               	goto	u223_20
  4642     0015                     u223_21:
  4643     0015  2824               	goto	i1l59
  4644     0016                     u223_20:
  4645     0016                     i1l1976:
  4646                           
  4647                           ;mcc_generated_files/interrupt_manager.c: 60:     {;mcc_generated_files/interrupt_manage
      +                          r.c: 61:         if(PIE3bits.CCP3IE == 1 && PIR3bits.CCP3IF == 1)
  4648     0016  0021               	movlb	1	; select bank1
  4649     0017  1E13               	btfss	19,4	;volatile
  4650     0018  281A               	goto	u224_21
  4651     0019  281B               	goto	u224_20
  4652     001A                     u224_21:
  4653     001A  2824               	goto	i1l58
  4654     001B                     u224_20:
  4655     001B                     i1l1978:
  4656     001B  0020               	movlb	0	; select bank0
  4657     001C  1E13               	btfss	19,4	;volatile
  4658     001D  281F               	goto	u225_21
  4659     001E  2820               	goto	u225_20
  4660     001F                     u225_21:
  4661     001F  2824               	goto	i1l58
  4662     0020                     u225_20:
  4663     0020                     i1l1980:
  4664                           
  4665                           ;mcc_generated_files/interrupt_manager.c: 62:         {;mcc_generated_files/interrupt_ma
      +                          nager.c: 63:             ECCP3_CaptureISR();
  4666     0020  3184  249C  3180   	fcall	_ECCP3_CaptureISR
  4667                           
  4668                           ;mcc_generated_files/interrupt_manager.c: 64:         }
  4669     0023  2824               	goto	i1l59
  4670     0024                     i1l58:	
  4671                           ;mcc_generated_files/interrupt_manager.c: 71:     {;mcc_generated_files/interrupt_manage
      +                          r.c: 73:     }
  4672                           
  4673     0024                     i1l59:
  4674     0024  107E               	bcf	int$flags,0	;clear compiler interrupt flag (level 1)
  4675     0025  0009               	retfie
  4676     0026                     __end_of_INTERRUPT_InterruptManager:
  4677                           
  4678                           	psect	text18
  4679     0461                     __ptext18:	
  4680 ;; *************** function _TMR0_ISR *****************
  4681 ;; Defined at:
  4682 ;;		line 108 in file "mcc_generated_files/tmr0.c"
  4683 ;; Parameters:    Size  Location     Type
  4684 ;;		None
  4685 ;; Auto vars:     Size  Location     Type
  4686 ;;		None
  4687 ;; Return value:  Size  Location     Type
  4688 ;;                  1    wreg      void 
  4689 ;; Registers used:
  4690 ;;		wreg, status,2, status,0, pclath, cstack
  4691 ;; Tracked objects:
  4692 ;;		On entry : 0/0
  4693 ;;		On exit  : 0/0
  4694 ;;		Unchanged: 0/0
  4695 ;; Data sizes:     COMMON   BANK0   BANK1   BANK2   BANK3   BANK4   BANK5   BANK6
  4696 ;;      Params:         0       0       0       0       0       0       0       0
  4697 ;;      Locals:         0       0       0       0       0       0       0       0
  4698 ;;      Temps:          0       0       0       0       0       0       0       0
  4699 ;;      Totals:         0       0       0       0       0       0       0       0
  4700 ;;Total ram usage:        0 bytes
  4701 ;; Hardware stack levels used: 1
  4702 ;; Hardware stack levels required when called: 2
  4703 ;; This function calls:
  4704 ;;		_TMR0_CallBack
  4705 ;; This function is called by:
  4706 ;;		_INTERRUPT_InterruptManager
  4707 ;; This function uses a non-reentrant model
  4708 ;;
  4709                           
  4710     0461                     _TMR0_ISR:	
  4711                           ;psect for function _TMR0_ISR
  4712                           
  4713     0461                     i1l1720:	
  4714                           ;incstack = 0
  4715                           ; Regs used in _TMR0_ISR: [wreg+status,2+status,0+pclath+cstack]
  4716                           
  4717                           
  4718                           ;mcc_generated_files/tmr0.c: 110:     static volatile uint16_t CountCallBack = 0;;mcc_ge
      +                          nerated_files/tmr0.c: 113:     INTCONbits.TMR0IF = 0;
  4719     0461  110B               	bcf	11,2	;volatile
  4720     0462                     i1l1722:
  4721                           
  4722                           ;mcc_generated_files/tmr0.c: 115:     TMR0 = timer0ReloadVal;
  4723     0462  0020               	movlb	0	; select bank0
  4724     0463  0844               	movf	_timer0ReloadVal,w	;volatile
  4725     0464  0095               	movwf	21	;volatile
  4726                           
  4727                           ;mcc_generated_files/tmr0.c: 118:     if (++CountCallBack >= 10)
  4728     0465  3001               	movlw	1
  4729     0466  07B1               	addwf	TMR0_ISR@CountCallBack,f	;volatile
  4730     0467  3000               	movlw	0
  4731     0468  3DB2               	addwfc	TMR0_ISR@CountCallBack+1,f	;volatile
  4732     0469  3000               	movlw	0
  4733     046A  0232               	subwf	TMR0_ISR@CountCallBack+1,w	;volatile
  4734     046B  300A               	movlw	10
  4735     046C  1903               	skipnz
  4736     046D  0231               	subwf	TMR0_ISR@CountCallBack,w	;volatile
  4737     046E  1C03               	skipc
  4738     046F  2C71               	goto	u140_21
  4739     0470  2C72               	goto	u140_20
  4740     0471                     u140_21:
  4741     0471  2C78               	goto	i1l130
  4742     0472                     u140_20:
  4743     0472                     i1l1724:
  4744                           
  4745                           ;mcc_generated_files/tmr0.c: 119:     {;mcc_generated_files/tmr0.c: 121:         TMR0_Ca
      +                          llBack();
  4746     0472  3184  24C5  3184   	fcall	_TMR0_CallBack
  4747     0475                     i1l1726:
  4748                           
  4749                           ;mcc_generated_files/tmr0.c: 124:         CountCallBack = 0;
  4750     0475  0020               	movlb	0	; select bank0
  4751     0476  01B1               	clrf	TMR0_ISR@CountCallBack	;volatile
  4752     0477  01B2               	clrf	TMR0_ISR@CountCallBack+1	;volatile
  4753     0478                     i1l130:
  4754     0478  0008               	return
  4755     0479                     __end_of_TMR0_ISR:
  4756                           
  4757                           	psect	text19
  4758     04C5                     __ptext19:	
  4759 ;; *************** function _TMR0_CallBack *****************
  4760 ;; Defined at:
  4761 ;;		line 130 in file "mcc_generated_files/tmr0.c"
  4762 ;; Parameters:    Size  Location     Type
  4763 ;;		None
  4764 ;; Auto vars:     Size  Location     Type
  4765 ;;		None
  4766 ;; Return value:  Size  Location     Type
  4767 ;;                  1    wreg      void 
  4768 ;; Registers used:
  4769 ;;		wreg, status,2, status,0, pclath, cstack
  4770 ;; Tracked objects:
  4771 ;;		On entry : 0/0
  4772 ;;		On exit  : 0/0
  4773 ;;		Unchanged: 0/0
  4774 ;; Data sizes:     COMMON   BANK0   BANK1   BANK2   BANK3   BANK4   BANK5   BANK6
  4775 ;;      Params:         0       0       0       0       0       0       0       0
  4776 ;;      Locals:         0       0       0       0       0       0       0       0
  4777 ;;      Temps:          0       0       0       0       0       0       0       0
  4778 ;;      Totals:         0       0       0       0       0       0       0       0
  4779 ;;Total ram usage:        0 bytes
  4780 ;; Hardware stack levels used: 1
  4781 ;; Hardware stack levels required when called: 1
  4782 ;; This function calls:
  4783 ;;		NULL
  4784 ;;		_TMR0_DefaultInterruptHandler
  4785 ;;		_TMR0_EvenHandler
  4786 ;; This function is called by:
  4787 ;;		_TMR0_ISR
  4788 ;; This function uses a non-reentrant model
  4789 ;;
  4790                           
  4791     04C5                     _TMR0_CallBack:	
  4792                           ;psect for function _TMR0_CallBack
  4793                           
  4794     04C5                     i1l1636:	
  4795                           ;incstack = 0
  4796                           ; Regs used in _TMR0_CallBack: [wreg+status,2+status,0+pclath+cstack]
  4797                           
  4798                           
  4799                           ;mcc_generated_files/tmr0.c: 134:     if(TMR0_InterruptHandler)
  4800     04C5  0020               	movlb	0	; select bank0
  4801     04C6  0833               	movf	_TMR0_InterruptHandler,w
  4802     04C7  0434               	iorwf	_TMR0_InterruptHandler+1,w
  4803     04C8  1903               	btfsc	3,2
  4804     04C9  2CCB               	goto	u118_21
  4805     04CA  2CCC               	goto	u118_20
  4806     04CB                     u118_21:
  4807     04CB  2CD1               	goto	i1l134
  4808     04CC                     u118_20:
  4809     04CC                     i1l1638:
  4810                           
  4811                           ;mcc_generated_files/tmr0.c: 135:     {;mcc_generated_files/tmr0.c: 136:         TMR0_In
      +                          terruptHandler();
  4812     04CC  0834               	movf	_TMR0_InterruptHandler+1,w
  4813     04CD  008A               	movwf	10
  4814     04CE  0833               	movf	_TMR0_InterruptHandler,w
  4815     04CF  000A               	callw
  4816     04D0  3184               	pagesel	$
  4817     04D1                     i1l134:
  4818     04D1  0008               	return
  4819     04D2                     __end_of_TMR0_CallBack:
  4820                           
  4821                           	psect	text20
  4822     0506                     __ptext20:	
  4823 ;; *************** function _TMR0_DefaultInterruptHandler *****************
  4824 ;; Defined at:
  4825 ;;		line 144 in file "mcc_generated_files/tmr0.c"
  4826 ;; Parameters:    Size  Location     Type
  4827 ;;		None
  4828 ;; Auto vars:     Size  Location     Type
  4829 ;;		None
  4830 ;; Return value:  Size  Location     Type
  4831 ;;                  1    wreg      void 
  4832 ;; Registers used:
  4833 ;;		None
  4834 ;; Tracked objects:
  4835 ;;		On entry : 0/0
  4836 ;;		On exit  : 0/0
  4837 ;;		Unchanged: 0/0
  4838 ;; Data sizes:     COMMON   BANK0   BANK1   BANK2   BANK3   BANK4   BANK5   BANK6
  4839 ;;      Params:         0       0       0       0       0       0       0       0
  4840 ;;      Locals:         0       0       0       0       0       0       0       0
  4841 ;;      Temps:          0       0       0       0       0       0       0       0
  4842 ;;      Totals:         0       0       0       0       0       0       0       0
  4843 ;;Total ram usage:        0 bytes
  4844 ;; Hardware stack levels used: 1
  4845 ;; This function calls:
  4846 ;;		Nothing
  4847 ;; This function is called by:
  4848 ;;		_TMR0_Initialize
  4849 ;;		_TMR0_CallBack
  4850 ;; This function uses a non-reentrant model
  4851 ;;
  4852                           
  4853     0506                     _TMR0_DefaultInterruptHandler:	
  4854                           ;psect for function _TMR0_DefaultInterruptHandler
  4855                           
  4856     0506                     i1l140:	
  4857                           ;incstack = 0
  4858                           ; Regs used in _TMR0_DefaultInterruptHandler: []
  4859                           
  4860     0506  0008               	return
  4861     0507                     __end_of_TMR0_DefaultInterruptHandler:
  4862                           
  4863                           	psect	text21
  4864     048D                     __ptext21:	
  4865 ;; *************** function _TMR0_EvenHandler *****************
  4866 ;; Defined at:
  4867 ;;		line 610 in file "main.c"
  4868 ;; Parameters:    Size  Location     Type
  4869 ;;		None
  4870 ;; Auto vars:     Size  Location     Type
  4871 ;;		None
  4872 ;; Return value:  Size  Location     Type
  4873 ;;                  1    wreg      void 
  4874 ;; Registers used:
  4875 ;;		wreg, status,2, status,0
  4876 ;; Tracked objects:
  4877 ;;		On entry : 0/0
  4878 ;;		On exit  : 0/0
  4879 ;;		Unchanged: 0/0
  4880 ;; Data sizes:     COMMON   BANK0   BANK1   BANK2   BANK3   BANK4   BANK5   BANK6
  4881 ;;      Params:         0       0       0       0       0       0       0       0
  4882 ;;      Locals:         0       0       0       0       0       0       0       0
  4883 ;;      Temps:          1       0       0       0       0       0       0       0
  4884 ;;      Totals:         1       0       0       0       0       0       0       0
  4885 ;;Total ram usage:        1 bytes
  4886 ;; Hardware stack levels used: 1
  4887 ;; This function calls:
  4888 ;;		Nothing
  4889 ;; This function is called by:
  4890 ;;		_main
  4891 ;;		_TMR0_CallBack
  4892 ;; This function uses a non-reentrant model
  4893 ;;
  4894                           
  4895     048D                     _TMR0_EvenHandler:	
  4896                           ;psect for function _TMR0_EvenHandler
  4897                           
  4898     048D                     i1l1552:	
  4899                           ;incstack = 0
  4900                           ; Regs used in _TMR0_EvenHandler: [wreg+status,2+status,0]
  4901                           
  4902                           
  4903                           ;main.c: 611:   T10MS_CNT++;
  4904     048D  3001               	movlw	1
  4905     048E  00F6               	movwf	??_TMR0_EvenHandler
  4906     048F  0876               	movf	??_TMR0_EvenHandler,w
  4907     0490  0020               	movlb	0	; select bank0
  4908     0491  07BE               	addwf	_T10MS_CNT,f	;volatile
  4909     0492                     i1l1554:
  4910                           
  4911                           ;main.c: 612:   if (T10MS_CNT >= 200) {
  4912     0492  30C8               	movlw	200
  4913     0493  023E               	subwf	_T10MS_CNT,w	;volatile
  4914     0494  1C03               	skipc
  4915     0495  2C97               	goto	u116_21
  4916     0496  2C98               	goto	u116_20
  4917     0497                     u116_21:
  4918     0497  2C9B               	goto	i1l452
  4919     0498                     u116_20:
  4920     0498                     i1l1556:
  4921                           
  4922                           ;main.c: 613:     fException2 = 1;
  4923     0498  01BC               	clrf	_fException2
  4924     0499  0ABC               	incf	_fException2,f
  4925     049A                     i1l1558:
  4926                           
  4927                           ;main.c: 614:     T10MS_CNT = 0;
  4928     049A  01BE               	clrf	_T10MS_CNT	;volatile
  4929     049B                     i1l452:
  4930     049B  0008               	return
  4931     049C                     __end_of_TMR0_EvenHandler:
  4932                           
  4933                           	psect	text22
  4934     049C                     __ptext22:	
  4935 ;; *************** function _ECCP3_CaptureISR *****************
  4936 ;; Defined at:
  4937 ;;		line 80 in file "mcc_generated_files/eccp3.c"
  4938 ;; Parameters:    Size  Location     Type
  4939 ;;		None
  4940 ;; Auto vars:     Size  Location     Type
  4941 ;;  module          2    4[COMMON] struct CCPR3Reg_tag
  4942 ;; Return value:  Size  Location     Type
  4943 ;;                  1    wreg      void 
  4944 ;; Registers used:
  4945 ;;		wreg, status,2, status,0, pclath, cstack
  4946 ;; Tracked objects:
  4947 ;;		On entry : 0/0
  4948 ;;		On exit  : 0/0
  4949 ;;		Unchanged: 0/0
  4950 ;; Data sizes:     COMMON   BANK0   BANK1   BANK2   BANK3   BANK4   BANK5   BANK6
  4951 ;;      Params:         0       0       0       0       0       0       0       0
  4952 ;;      Locals:         2       0       0       0       0       0       0       0
  4953 ;;      Temps:          0       0       0       0       0       0       0       0
  4954 ;;      Totals:         2       0       0       0       0       0       0       0
  4955 ;;Total ram usage:        2 bytes
  4956 ;; Hardware stack levels used: 1
  4957 ;; Hardware stack levels required when called: 1
  4958 ;; This function calls:
  4959 ;;		_ECCP3_CallBack
  4960 ;; This function is called by:
  4961 ;;		_INTERRUPT_InterruptManager
  4962 ;; This function uses a non-reentrant model
  4963 ;;
  4964                           
  4965     049C                     _ECCP3_CaptureISR:	
  4966                           ;psect for function _ECCP3_CaptureISR
  4967                           
  4968     049C                     i1l1728:	
  4969                           ;incstack = 0
  4970                           ; Regs used in _ECCP3_CaptureISR: [wreg+status,2+status,0+pclath+cstack]
  4971                           
  4972                           
  4973                           ;mcc_generated_files/eccp3.c: 82:     CCP3_PERIOD_REG_T module;;mcc_generated_files/eccp
      +                          3.c: 85:     PIR3bits.CCP3IF = 0;
  4974     049C  0020               	movlb	0	; select bank0
  4975     049D  1213               	bcf	19,4	;volatile
  4976     049E                     i1l1730:
  4977                           
  4978                           ;mcc_generated_files/eccp3.c: 88:     module.ccpr3l = CCPR3L;
  4979     049E  0026               	movlb	6	; select bank6
  4980     049F  0811               	movf	17,w	;volatile
  4981     04A0  00FA               	movwf	ECCP3_CaptureISR@module
  4982                           
  4983                           ;mcc_generated_files/eccp3.c: 89:     module.ccpr3h = CCPR3H;
  4984     04A1  0812               	movf	18,w	;volatile
  4985     04A2  00FB               	movwf	ECCP3_CaptureISR@module+1
  4986     04A3                     i1l1732:
  4987                           
  4988                           ;mcc_generated_files/eccp3.c: 92:     ECCP3_CallBack(module.ccpr3_16Bit);
  4989     04A3  087B               	movf	ECCP3_CaptureISR@module+1,w
  4990     04A4  00F7               	movwf	ECCP3_CallBack@capturedValue+1
  4991     04A5  087A               	movf	ECCP3_CaptureISR@module,w
  4992     04A6  00F6               	movwf	ECCP3_CallBack@capturedValue
  4993     04A7  3181  21C3  3184   	fcall	_ECCP3_CallBack
  4994     04AA                     i1l169:
  4995     04AA  0008               	return
  4996     04AB                     __end_of_ECCP3_CaptureISR:
  4997                           
  4998                           	psect	text23
  4999     01C3                     __ptext23:	
  5000 ;; *************** function _ECCP3_CallBack *****************
  5001 ;; Defined at:
  5002 ;;		line 533 in file "main.c"
  5003 ;; Parameters:    Size  Location     Type
  5004 ;;  capturedValu    2    0[COMMON] unsigned short 
  5005 ;; Auto vars:     Size  Location     Type
  5006 ;;		None
  5007 ;; Return value:  Size  Location     Type
  5008 ;;                  1    wreg      void 
  5009 ;; Registers used:
  5010 ;;		wreg, status,2, status,0
  5011 ;; Tracked objects:
  5012 ;;		On entry : 0/0
  5013 ;;		On exit  : 0/0
  5014 ;;		Unchanged: 0/0
  5015 ;; Data sizes:     COMMON   BANK0   BANK1   BANK2   BANK3   BANK4   BANK5   BANK6
  5016 ;;      Params:         2       0       0       0       0       0       0       0
  5017 ;;      Locals:         0       0       0       0       0       0       0       0
  5018 ;;      Temps:          2       0       0       0       0       0       0       0
  5019 ;;      Totals:         4       0       0       0       0       0       0       0
  5020 ;;Total ram usage:        4 bytes
  5021 ;; Hardware stack levels used: 1
  5022 ;; This function calls:
  5023 ;;		Nothing
  5024 ;; This function is called by:
  5025 ;;		_ECCP3_CaptureISR
  5026 ;; This function uses a non-reentrant model
  5027 ;;
  5028                           
  5029     01C3                     _ECCP3_CallBack:	
  5030                           ;psect for function _ECCP3_CallBack
  5031                           
  5032     01C3                     i1l1640:	
  5033                           ;incstack = 0
  5034                           ; Regs used in _ECCP3_CallBack: [wreg+status,2+status,0]
  5035                           
  5036                           
  5037                           ;main.c: 534:   static uint16_t pluse_width_LO = 0;;main.c: 535:   static uint16_t pluse
      +                          _width_HI = 0;;main.c: 536:   static uint8_t HI_us = 0;;main.c: 537:   static uint8_t LO
      +                          _us = 0;;main.c: 538:   static uint8_t diff_us = 0;;main.c: 539:   static uint16_t falli
      +                          ng_edge_time = 0;;main.c: 540:   static uint16_t rising_edge_time = 0;;main.c: 541:   st
      +                          atic _Bool rise_edge_flag = 0;;main.c: 542:   static _Bool fHead = 0;;main.c: 543:   sta
      +                          tic uint8_t data_cnt = 0;;main.c: 546:   if (CCP3CON == 0x04) {
  5038     01C3  3004               	movlw	4
  5039     01C4  0026               	movlb	6	; select bank6
  5040     01C5  0613               	xorwf	19,w	;volatile
  5041     01C6  1D03               	btfss	3,2
  5042     01C7  29C9               	goto	u119_21
  5043     01C8  29CA               	goto	u119_20
  5044     01C9                     u119_21:
  5045     01C9  2A4A               	goto	i1l1684
  5046     01CA                     u119_20:
  5047     01CA                     i1l1642:
  5048                           
  5049                           ;main.c: 547:     falling_edge_time = capturedValue;
  5050     01CA  0877               	movf	ECCP3_CallBack@capturedValue+1,w
  5051     01CB  00F1               	movwf	ECCP3_CallBack@falling_edge_time+1
  5052     01CC  0876               	movf	ECCP3_CallBack@capturedValue,w
  5053     01CD  00F0               	movwf	ECCP3_CallBack@falling_edge_time
  5054                           
  5055                           ;main.c: 548:     CCP3CON = 0x05;
  5056     01CE  3005               	movlw	5
  5057     01CF  0093               	movwf	19	;volatile
  5058     01D0                     i1l1644:
  5059                           
  5060                           ;main.c: 549:     if (rise_edge_flag == 1) {
  5061     01D0  0020               	movlb	0	; select bank0
  5062     01D1  0339               	decf	ECCP3_CallBack@rise_edge_flag,w
  5063     01D2  1D03               	btfss	3,2
  5064     01D3  29D5               	goto	u120_21
  5065     01D4  29D6               	goto	u120_20
  5066     01D5                     u120_21:
  5067     01D5  2A78               	goto	i1l448
  5068     01D6                     u120_20:
  5069     01D6                     i1l1646:
  5070                           
  5071                           ;main.c: 550:       rise_edge_flag = 0;
  5072     01D6  01B9               	clrf	ECCP3_CallBack@rise_edge_flag
  5073     01D7                     i1l1650:
  5074                           
  5075                           ;main.c: 553:         pluse_width_HI = falling_edge_time - rising_edge_time;
  5076     01D7  082B               	movf	ECCP3_CallBack@rising_edge_time,w
  5077     01D8  0270               	subwf	ECCP3_CallBack@falling_edge_time,w
  5078     01D9  00AD               	movwf	ECCP3_CallBack@pluse_width_HI
  5079     01DA  082C               	movf	ECCP3_CallBack@rising_edge_time+1,w
  5080     01DB  3B71               	subwfb	ECCP3_CallBack@falling_edge_time+1,w
  5081     01DC  00AE               	movwf	ECCP3_CallBack@pluse_width_HI+1
  5082     01DD                     i1l433:	
  5083                           ;main.c: 556:       }
  5084                           
  5085                           
  5086                           ;main.c: 557:       LO_us = (pluse_width_LO >> 3) & 0xff;
  5087     01DD  0830               	movf	ECCP3_CallBack@pluse_width_LO+1,w
  5088     01DE  00F9               	movwf	??_ECCP3_CallBack+1
  5089     01DF  082F               	movf	ECCP3_CallBack@pluse_width_LO,w
  5090     01E0  00F8               	movwf	??_ECCP3_CallBack
  5091     01E1  36F9               	lsrf	??_ECCP3_CallBack+1,f
  5092     01E2  0CF8               	rrf	??_ECCP3_CallBack,f
  5093     01E3  36F9               	lsrf	??_ECCP3_CallBack+1,f
  5094     01E4  0CF8               	rrf	??_ECCP3_CallBack,f
  5095     01E5  36F9               	lsrf	??_ECCP3_CallBack+1,f
  5096     01E6  0CF8               	rrf	??_ECCP3_CallBack,f
  5097     01E7  0878               	movf	??_ECCP3_CallBack,w
  5098     01E8  00F2               	movwf	ECCP3_CallBack@LO_us
  5099                           
  5100                           ;main.c: 558:       HI_us = (pluse_width_HI >> 3) & 0xff;
  5101     01E9  082E               	movf	ECCP3_CallBack@pluse_width_HI+1,w
  5102     01EA  00F9               	movwf	??_ECCP3_CallBack+1
  5103     01EB  082D               	movf	ECCP3_CallBack@pluse_width_HI,w
  5104     01EC  00F8               	movwf	??_ECCP3_CallBack
  5105     01ED  36F9               	lsrf	??_ECCP3_CallBack+1,f
  5106     01EE  0CF8               	rrf	??_ECCP3_CallBack,f
  5107     01EF  36F9               	lsrf	??_ECCP3_CallBack+1,f
  5108     01F0  0CF8               	rrf	??_ECCP3_CallBack,f
  5109     01F1  36F9               	lsrf	??_ECCP3_CallBack+1,f
  5110     01F2  0CF8               	rrf	??_ECCP3_CallBack,f
  5111     01F3  0878               	movf	??_ECCP3_CallBack,w
  5112     01F4  00F3               	movwf	ECCP3_CallBack@HI_us
  5113     01F5                     i1l1654:
  5114                           
  5115                           ;main.c: 559:       if (HI_us > LO_us)
  5116     01F5  0873               	movf	ECCP3_CallBack@HI_us,w
  5117     01F6  0272               	subwf	ECCP3_CallBack@LO_us,w
  5118     01F7  1803               	skipnc
  5119     01F8  29FA               	goto	u121_21
  5120     01F9  29FB               	goto	u121_20
  5121     01FA                     u121_21:
  5122     01FA  29FF               	goto	i1l1658
  5123     01FB                     u121_20:
  5124     01FB                     i1l1656:
  5125                           
  5126                           ;main.c: 560:         diff_us = HI_us - LO_us;
  5127     01FB  0872               	movf	ECCP3_CallBack@LO_us,w
  5128     01FC  0273               	subwf	ECCP3_CallBack@HI_us,w
  5129     01FD  00BA               	movwf	ECCP3_CallBack@diff_us
  5130     01FE  2A02               	goto	i1l1660
  5131     01FF                     i1l1658:
  5132                           
  5133                           ;main.c: 562:         diff_us = LO_us - HI_us;
  5134     01FF  0873               	movf	ECCP3_CallBack@HI_us,w
  5135     0200  0272               	subwf	ECCP3_CallBack@LO_us,w
  5136     0201  00BA               	movwf	ECCP3_CallBack@diff_us
  5137     0202                     i1l1660:
  5138                           
  5139                           ;main.c: 564:       if(HI_us > (25)){
  5140     0202  301A               	movlw	26
  5141     0203  0273               	subwf	ECCP3_CallBack@HI_us,w
  5142     0204  1C03               	skipc
  5143     0205  2A07               	goto	u122_21
  5144     0206  2A08               	goto	u122_20
  5145     0207                     u122_21:
  5146     0207  2A0B               	goto	i1l436
  5147     0208                     u122_20:
  5148     0208                     i1l1662:
  5149                           
  5150                           ;main.c: 565:         LATBbits.LATB6 = 1;
  5151     0208  0022               	movlb	2	; select bank2
  5152     0209  170D               	bsf	13,6	;volatile
  5153                           
  5154                           ;main.c: 566:       }
  5155     020A  2A0D               	goto	i1l1664
  5156     020B                     i1l436:	
  5157                           ;main.c: 567:       else{
  5158                           
  5159                           
  5160                           ;main.c: 568:         LATBbits.LATB6 = 0;
  5161     020B  0022               	movlb	2	; select bank2
  5162     020C  130D               	bcf	13,6	;volatile
  5163     020D                     i1l1664:
  5164                           
  5165                           ;main.c: 571:       if (fHead == 0) {
  5166     020D  0020               	movlb	0	; select bank0
  5167     020E  0838               	movf	ECCP3_CallBack@fHead,w
  5168     020F  1D03               	btfss	3,2
  5169     0210  2A12               	goto	u123_21
  5170     0211  2A13               	goto	u123_20
  5171     0212                     u123_21:
  5172     0212  2A1D               	goto	i1l1672
  5173     0213                     u123_20:
  5174     0213                     i1l1666:
  5175                           
  5176                           ;main.c: 573:         if (diff_us < (16)) {
  5177     0213  3010               	movlw	16
  5178     0214  023A               	subwf	ECCP3_CallBack@diff_us,w
  5179     0215  1803               	skipnc
  5180     0216  2A18               	goto	u124_21
  5181     0217  2A19               	goto	u124_20
  5182     0218                     u124_21:
  5183     0218  2A49               	goto	i1l431
  5184     0219                     u124_20:
  5185     0219                     i1l1668:
  5186                           
  5187                           ;main.c: 575:           fHead = 1;
  5188     0219  01B8               	clrf	ECCP3_CallBack@fHead
  5189     021A  0AB8               	incf	ECCP3_CallBack@fHead,f
  5190     021B                     i1l1670:
  5191                           
  5192                           ;main.c: 576:           data_cnt = 0;
  5193     021B  01B7               	clrf	ECCP3_CallBack@data_cnt
  5194     021C  2A78               	goto	i1l448
  5195     021D                     i1l1672:
  5196                           
  5197                           ;main.c: 580:         if (diff_us < (16)) {
  5198     021D  3010               	movlw	16
  5199     021E  023A               	subwf	ECCP3_CallBack@diff_us,w
  5200     021F  1803               	skipnc
  5201     0220  2A22               	goto	u125_21
  5202     0221  2A23               	goto	u125_20
  5203     0222                     u125_21:
  5204     0222  2A30               	goto	i1l1676
  5205     0223                     u125_20:
  5206     0223                     i1l1674:
  5207                           
  5208                           ;main.c: 582:           rx_data &= ~(1 << data_cnt);
  5209     0223  3001               	movlw	1
  5210     0224  00F8               	movwf	??_ECCP3_CallBack
  5211     0225  0A37               	incf	ECCP3_CallBack@data_cnt,w
  5212     0226  2A28               	goto	u126_24
  5213     0227                     u126_25:
  5214     0227  35F8               	lslf	??_ECCP3_CallBack,f
  5215     0228                     u126_24:
  5216     0228  0B89               	decfsz	9,f
  5217     0229  2A27               	goto	u126_25
  5218     022A  0878               	movf	??_ECCP3_CallBack,w
  5219     022B  3AFF               	xorlw	255
  5220     022C  00F9               	movwf	??_ECCP3_CallBack+1
  5221     022D  0879               	movf	??_ECCP3_CallBack+1,w
  5222     022E  05F5               	andwf	_rx_data,f
  5223                           
  5224                           ;main.c: 583:         } else {
  5225     022F  2A3B               	goto	i1l442
  5226     0230                     i1l1676:
  5227                           
  5228                           ;main.c: 585:           rx_data |= (1 << data_cnt);
  5229     0230  3001               	movlw	1
  5230     0231  00F8               	movwf	??_ECCP3_CallBack
  5231     0232  0A37               	incf	ECCP3_CallBack@data_cnt,w
  5232     0233  2A35               	goto	u127_24
  5233     0234                     u127_25:
  5234     0234  35F8               	lslf	??_ECCP3_CallBack,f
  5235     0235                     u127_24:
  5236     0235  0B89               	decfsz	9,f
  5237     0236  2A34               	goto	u127_25
  5238     0237  0878               	movf	??_ECCP3_CallBack,w
  5239     0238  00F9               	movwf	??_ECCP3_CallBack+1
  5240     0239  0879               	movf	??_ECCP3_CallBack+1,w
  5241     023A  04F5               	iorwf	_rx_data,f
  5242     023B                     i1l442:	
  5243                           ;main.c: 586:         }
  5244                           
  5245                           
  5246                           ;main.c: 588:         data_cnt++;
  5247     023B  3001               	movlw	1
  5248     023C  00F8               	movwf	??_ECCP3_CallBack
  5249     023D  0878               	movf	??_ECCP3_CallBack,w
  5250     023E  07B7               	addwf	ECCP3_CallBack@data_cnt,f
  5251     023F                     i1l1678:
  5252                           
  5253                           ;main.c: 589:         if (data_cnt > 7) {
  5254     023F  3008               	movlw	8
  5255     0240  0237               	subwf	ECCP3_CallBack@data_cnt,w
  5256     0241  1C03               	skipc
  5257     0242  2A44               	goto	u128_21
  5258     0243  2A45               	goto	u128_20
  5259     0244                     u128_21:
  5260     0244  2A49               	goto	i1l431
  5261     0245                     u128_20:
  5262     0245                     i1l1680:
  5263                           
  5264                           ;main.c: 590:           fHead = 0;
  5265     0245  01B8               	clrf	ECCP3_CallBack@fHead
  5266     0246                     i1l1682:
  5267                           
  5268                           ;main.c: 591:           data_1byte_OK = 1;
  5269     0246  3001               	movlw	1
  5270     0247  00C3               	movwf	_data_1byte_OK	;volatile
  5271     0248  2A78               	goto	i1l448
  5272     0249                     i1l431:	
  5273                           ;main.c: 594:     }
  5274                           
  5275                           
  5276                           ;main.c: 596:   }
  5277     0249  2A78               	goto	i1l448
  5278     024A                     i1l1684:
  5279     024A  3005               	movlw	5
  5280     024B  0613               	xorwf	19,w	;volatile
  5281     024C  1D03               	btfss	3,2
  5282     024D  2A4F               	goto	u129_21
  5283     024E  2A50               	goto	u129_20
  5284     024F                     u129_21:
  5285     024F  2A78               	goto	i1l448
  5286     0250                     u129_20:
  5287     0250                     i1l1686:
  5288                           
  5289                           ;main.c: 598:     rising_edge_time = capturedValue;
  5290     0250  0877               	movf	ECCP3_CallBack@capturedValue+1,w
  5291     0251  0020               	movlb	0	; select bank0
  5292     0252  00AC               	movwf	ECCP3_CallBack@rising_edge_time+1
  5293     0253  0876               	movf	ECCP3_CallBack@capturedValue,w
  5294     0254  00AB               	movwf	ECCP3_CallBack@rising_edge_time
  5295                           
  5296                           ;main.c: 599:     CCP3CON = 0x04;
  5297     0255  3004               	movlw	4
  5298     0256  0026               	movlb	6	; select bank6
  5299     0257  0093               	movwf	19	;volatile
  5300                           
  5301                           ;main.c: 601:     if (rising_edge_time >= falling_edge_time) {
  5302     0258  0871               	movf	ECCP3_CallBack@falling_edge_time+1,w
  5303     0259  0020               	movlb	0	; select bank0
  5304     025A  022C               	subwf	ECCP3_CallBack@rising_edge_time+1,w
  5305     025B  1D03               	skipz
  5306     025C  2A5F               	goto	u130_25
  5307     025D  0870               	movf	ECCP3_CallBack@falling_edge_time,w
  5308     025E  022B               	subwf	ECCP3_CallBack@rising_edge_time,w
  5309     025F                     u130_25:
  5310     025F  1C03               	skipc
  5311     0260  2A62               	goto	u130_21
  5312     0261  2A63               	goto	u130_20
  5313     0262                     u130_21:
  5314     0262  2A6A               	goto	i1l1690
  5315     0263                     u130_20:
  5316     0263                     i1l1688:
  5317                           
  5318                           ;main.c: 602:       pluse_width_LO = rising_edge_time - falling_edge_time;
  5319     0263  0870               	movf	ECCP3_CallBack@falling_edge_time,w
  5320     0264  022B               	subwf	ECCP3_CallBack@rising_edge_time,w
  5321     0265  00AF               	movwf	ECCP3_CallBack@pluse_width_LO
  5322     0266  0871               	movf	ECCP3_CallBack@falling_edge_time+1,w
  5323     0267  3B2C               	subwfb	ECCP3_CallBack@rising_edge_time+1,w
  5324     0268  00B0               	movwf	ECCP3_CallBack@pluse_width_LO+1
  5325                           
  5326                           ;main.c: 603:     } else {
  5327     0269  2A76               	goto	i1l1692
  5328     026A                     i1l1690:
  5329                           
  5330                           ;main.c: 604:       pluse_width_LO = (0xffff - falling_edge_time) + rising_edge_time;
  5331     026A  0871               	movf	ECCP3_CallBack@falling_edge_time+1,w
  5332     026B  00F9               	movwf	??_ECCP3_CallBack+1
  5333     026C  0870               	movf	ECCP3_CallBack@falling_edge_time,w
  5334     026D  00F8               	movwf	??_ECCP3_CallBack
  5335     026E  09F8               	comf	??_ECCP3_CallBack,f
  5336     026F  09F9               	comf	??_ECCP3_CallBack+1,f
  5337     0270  082B               	movf	ECCP3_CallBack@rising_edge_time,w
  5338     0271  0778               	addwf	??_ECCP3_CallBack,w
  5339     0272  00AF               	movwf	ECCP3_CallBack@pluse_width_LO
  5340     0273  082C               	movf	ECCP3_CallBack@rising_edge_time+1,w
  5341     0274  3D79               	addwfc	??_ECCP3_CallBack+1,w
  5342     0275  00B0               	movwf	ECCP3_CallBack@pluse_width_LO+1
  5343     0276                     i1l1692:
  5344                           
  5345                           ;main.c: 606:     rise_edge_flag = 1;
  5346     0276  01B9               	clrf	ECCP3_CallBack@rise_edge_flag
  5347     0277  0AB9               	incf	ECCP3_CallBack@rise_edge_flag,f
  5348     0278                     i1l448:
  5349     0278  0008               	return
  5350     0279                     __end_of_ECCP3_CallBack:
  5351     007E                     btemp	set	126	;btemp
  5352     007E                     int$flags	set	126
  5353     007E                     wtemp0	set	126
  5354                           
  5355                           	psect	config
  5356                           
  5357                           ;Config register CONFIG1 @ 0x8007
  5358                           ;	Oscillator Selection
  5359                           ;	FOSC = INTOSC, INTOSC oscillator: I/O function on CLKIN pin
  5360                           ;	Watchdog Timer Enable
  5361                           ;	WDTE = OFF, WDT disabled
  5362                           ;	Power-up Timer Enable
  5363                           ;	PWRTE = ON, PWRT enabled
  5364                           ;	MCLR Pin Function Select
  5365                           ;	MCLRE = ON, MCLR/VPP pin function is MCLR
  5366                           ;	Flash Program Memory Code Protection
  5367                           ;	CP = OFF, Program memory code protection is disabled
  5368                           ;	Data Memory Code Protection
  5369                           ;	CPD = OFF, Data memory code protection is disabled
  5370                           ;	Brown-out Reset Enable
  5371                           ;	BOREN = ON, Brown-out Reset enabled
  5372                           ;	Clock Out Enable
  5373                           ;	CLKOUTEN = OFF, CLKOUT function is disabled. I/O or oscillator function on the CLKOUT 
      +                          pin
  5374                           ;	Internal/External Switchover
  5375                           ;	IESO = ON, Internal/External Switchover mode is enabled
  5376                           ;	Fail-Safe Clock Monitor Enable
  5377                           ;	FCMEN = ON, Fail-Safe Clock Monitor is enabled
  5378     8007                     	org	32775
  5379     8007  3FC4               	dw	16324
  5380                           
  5381                           ;Config register CONFIG2 @ 0x8008
  5382                           ;	Flash Memory Self-Write Protection
  5383                           ;	WRT = OFF, Write protection off
  5384                           ;	Voltage Regulator Capacitor Enable
  5385                           ;	VCAPEN = OFF, All VCAP pin functionality is disabled
  5386                           ;	PLL Enable
  5387                           ;	PLLEN = ON, 4x PLL enabled
  5388                           ;	Stack Overflow/Underflow Reset Enable
  5389                           ;	STVREN = ON, Stack Overflow or Underflow will cause a Reset
  5390                           ;	Brown-out Reset Voltage Selection
  5391                           ;	BORV = LO, Brown-out Reset Voltage (Vbor), low trip point selected.
  5392                           ;	Low-Voltage Programming Enable
  5393                           ;	LVP = OFF, High-voltage on MCLR/VPP must be used for programming
  5394     8008                     	org	32776
  5395     8008  1FFF               	dw	8191

Data Sizes:
    Strings     0
    Constant    0
    Data        64
    BSS         43
    Persistent  32
    Stack       0

Auto Spaces:
    Space          Size  Autos    Used
    COMMON           14      6      12
    BANK0            80      9      46
    BANK1            80      0      64
    BANK2            80      0       0
    BANK3            80      0       0
    BANK4            80      0       0
    BANK5            80      0       0
    BANK6            16      0       0

Pointer List with Targets:

    TMR0_InterruptHandler	PTR FTN()void  size(2) Largest target is 1
		 -> TMR0_DefaultInterruptHandler(), TMR0_EvenHandler(), NULL(), 

    TMR0_SetInterruptHandler@InterruptHandler	PTR FTN()void  size(2) Largest target is 1
		 -> TMR0_DefaultInterruptHandler(), TMR0_EvenHandler(), 


Critical Paths under _main in COMMON

    None.

Critical Paths under _INTERRUPT_InterruptManager in COMMON

    _INTERRUPT_InterruptManager->_ECCP3_CaptureISR
    _TMR0_CallBack->_TMR0_EvenHandler
    _ECCP3_CaptureISR->_ECCP3_CallBack

Critical Paths under _main in BANK0

    _main->_LED_output
    _TMR0_Initialize->_TMR0_SetInterruptHandler
    _LED_output->_DRL_ON
    _DRL_ON->_EPWM1_LoadDutyValue
    _Exception_handling->_EPWM1_LoadDutyValue

Critical Paths under _INTERRUPT_InterruptManager in BANK0

    None.

Critical Paths under _main in BANK1

    None.

Critical Paths under _INTERRUPT_InterruptManager in BANK1

    None.

Critical Paths under _main in BANK2

    None.

Critical Paths under _INTERRUPT_InterruptManager in BANK2

    None.

Critical Paths under _main in BANK3

    None.

Critical Paths under _INTERRUPT_InterruptManager in BANK3

    None.

Critical Paths under _main in BANK4

    None.

Critical Paths under _INTERRUPT_InterruptManager in BANK4

    None.

Critical Paths under _main in BANK5

    None.

Critical Paths under _INTERRUPT_InterruptManager in BANK5

    None.

Critical Paths under _main in BANK6

    None.

Critical Paths under _INTERRUPT_InterruptManager in BANK6

    None.

Call Graph Tables:

 ---------------------------------------------------------------------------------
 (Depth) Function   	        Calls       Base Space   Used Autos Params    Refs
 ---------------------------------------------------------------------------------
 (0) _main                                                 0     0      0    6609
                _EPWM1_LoadDutyValue
                 _Exception_handling
                         _LED_output
                  _SYSTEM_Initialize
           _TMR0_SetInterruptHandler
                        _check_input
                       _getFrameData
 ---------------------------------------------------------------------------------
 (1) _getFrameData                                         0     0      0       0
 ---------------------------------------------------------------------------------
 (1) _check_input                                          0     0      0       0
 ---------------------------------------------------------------------------------
 (1) _SYSTEM_Initialize                                    0     0      0     211
                   _ECCP3_Initialize
                   _EPWM1_Initialize
              _OSCILLATOR_Initialize
             _PIN_MANAGER_Initialize
                    _TMR0_Initialize
                    _TMR1_Initialize
                    _TMR2_Initialize
                     _WDT_Initialize
 ---------------------------------------------------------------------------------
 (2) _WDT_Initialize                                       0     0      0       0
 ---------------------------------------------------------------------------------
 (2) _TMR2_Initialize                                      0     0      0       0
 ---------------------------------------------------------------------------------
 (2) _TMR1_Initialize                                      0     0      0       0
 ---------------------------------------------------------------------------------
 (2) _TMR0_Initialize                                      0     0      0     211
           _TMR0_SetInterruptHandler
 ---------------------------------------------------------------------------------
 (1) _TMR0_SetInterruptHandler                             2     0      2     211
                                              0 BANK0      2     0      2
 ---------------------------------------------------------------------------------
 (2) _PIN_MANAGER_Initialize                               0     0      0       0
 ---------------------------------------------------------------------------------
 (2) _OSCILLATOR_Initialize                                0     0      0       0
 ---------------------------------------------------------------------------------
 (2) _EPWM1_Initialize                                     0     0      0       0
 ---------------------------------------------------------------------------------
 (2) _ECCP3_Initialize                                     0     0      0       0
 ---------------------------------------------------------------------------------
 (1) _LED_output                                           3     3      0    3183
                                              6 BANK0      3     3      0
                             _DRL_ON
                _EPWM1_LoadDutyValue
 ---------------------------------------------------------------------------------
 (2) _DRL_ON                                               2     2      0    1548
                                              4 BANK0      2     2      0
                _EPWM1_LoadDutyValue
 ---------------------------------------------------------------------------------
 (1) _Exception_handling                                   0     0      0    1502
                _EPWM1_LoadDutyValue
 ---------------------------------------------------------------------------------
 (2) _EPWM1_LoadDutyValue                                  4     2      2    1502
                                              0 BANK0      4     2      2
 ---------------------------------------------------------------------------------
 Estimated maximum stack depth 2
 ---------------------------------------------------------------------------------
 (Depth) Function   	        Calls       Base Space   Used Autos Params    Refs
 ---------------------------------------------------------------------------------
 (4) _INTERRUPT_InterruptManager                           0     0      0     167
                   _ECCP3_CaptureISR
                           _TMR0_ISR
 ---------------------------------------------------------------------------------
 (5) _TMR0_ISR                                             0     0      0       0
                      _TMR0_CallBack
 ---------------------------------------------------------------------------------
 (6) _TMR0_CallBack                                        0     0      0       0
                                NULL *
       _TMR0_DefaultInterruptHandler *
                   _TMR0_EvenHandler *
 ---------------------------------------------------------------------------------
 (7) _TMR0_EvenHandler                                     1     1      0       0
                                              0 COMMON     1     1      0
 ---------------------------------------------------------------------------------
 (7) _TMR0_DefaultInterruptHandler                         0     0      0       0
 ---------------------------------------------------------------------------------
 (7) NULL(Fake)                                            0     0      0       0
 ---------------------------------------------------------------------------------
 (5) _ECCP3_CaptureISR                                     2     2      0     167
                                              4 COMMON     2     2      0
                     _ECCP3_CallBack
 ---------------------------------------------------------------------------------
 (6) _ECCP3_CallBack                                       4     2      2     120
                                              0 COMMON     4     2      2
 ---------------------------------------------------------------------------------
 Estimated maximum stack depth 7
 ---------------------------------------------------------------------------------

 Call Graph Graphs:

 _main (ROOT)
   _EPWM1_LoadDutyValue
   _Exception_handling
     _EPWM1_LoadDutyValue
   _LED_output
     _DRL_ON
       _EPWM1_LoadDutyValue
     _EPWM1_LoadDutyValue
   _SYSTEM_Initialize
     _ECCP3_Initialize
     _EPWM1_Initialize
     _OSCILLATOR_Initialize
     _PIN_MANAGER_Initialize
     _TMR0_Initialize
       _TMR0_SetInterruptHandler
     _TMR1_Initialize
     _TMR2_Initialize
     _WDT_Initialize
   _TMR0_SetInterruptHandler
   _check_input
   _getFrameData

 _INTERRUPT_InterruptManager (ROOT)
   _ECCP3_CaptureISR
     _ECCP3_CallBack
   _TMR0_ISR
     _TMR0_CallBack
       NULL(Fake) *
       _TMR0_DefaultInterruptHandler *
       _TMR0_EvenHandler *

 Address spaces:
Name               Size   Autos  Total    Cost      Usage
BIGRAM             1F0      0       0       0        0.0%
EEDATA             100      0       0       0        0.0%
NULL                 0      0       0       0        0.0%
CODE                 0      0       0       0        0.0%
BITCOMMON            E      0       0       1        0.0%
BITSFR0              0      0       0       1        0.0%
SFR0                 0      0       0       1        0.0%
COMMON               E      6       C       2       85.7%
BITSFR1              0      0       0       2        0.0%
SFR1                 0      0       0       2        0.0%
BITSFR2              0      0       0       3        0.0%
SFR2                 0      0       0       3        0.0%
STACK                0      0       0       3        0.0%
BITSFR3              0      0       0       4        0.0%
SFR3                 0      0       0       4        0.0%
ABS                  0      0      7A       4        0.0%
BITBANK0            50      0       0       5        0.0%
BITSFR4              0      0       0       5        0.0%
SFR4                 0      0       0       5        0.0%
BANK0               50      9      2E       6       57.5%
BITSFR5              0      0       0       6        0.0%
SFR5                 0      0       0       6        0.0%
BITBANK1            50      0       0       7        0.0%
BITSFR6              0      0       0       7        0.0%
SFR6                 0      0       0       7        0.0%
BANK1               50      0      40       8       80.0%
BITSFR7              0      0       0       8        0.0%
SFR7                 0      0       0       8        0.0%
BITBANK2            50      0       0       9        0.0%
BITSFR8              0      0       0       9        0.0%
SFR8                 0      0       0       9        0.0%
BANK2               50      0       0      10        0.0%
BITSFR9              0      0       0      10        0.0%
SFR9                 0      0       0      10        0.0%
BITBANK3            50      0       0      11        0.0%
BITSFR10             0      0       0      11        0.0%
SFR10                0      0       0      11        0.0%
BANK3               50      0       0      12        0.0%
BITSFR11             0      0       0      12        0.0%
SFR11                0      0       0      12        0.0%
BITBANK4            50      0       0      13        0.0%
BITSFR12             0      0       0      13        0.0%
SFR12                0      0       0      13        0.0%
BANK4               50      0       0      14        0.0%
BITSFR13             0      0       0      14        0.0%
SFR13                0      0       0      14        0.0%
BITBANK5            50      0       0      15        0.0%
BITSFR14             0      0       0      15        0.0%
SFR14                0      0       0      15        0.0%
BANK5               50      0       0      16        0.0%
BITSFR15             0      0       0      16        0.0%
SFR15                0      0       0      16        0.0%
BITBANK6            10      0       0      17        0.0%
BITSFR16             0      0       0      17        0.0%
SFR16                0      0       0      17        0.0%
BANK6               10      0       0      18        0.0%
BITSFR17             0      0       0      18        0.0%
SFR17                0      0       0      18        0.0%
BITSFR18             0      0       0      19        0.0%
SFR18                0      0       0      19        0.0%
DATA                 0      0      7A      19        0.0%
BITSFR19             0      0       0      20        0.0%
SFR19                0      0       0      20        0.0%
BITSFR20             0      0       0      21        0.0%
SFR20                0      0       0      21        0.0%
BITSFR21             0      0       0      22        0.0%
SFR21                0      0       0      22        0.0%
BITSFR22             0      0       0      23        0.0%
SFR22                0      0       0      23        0.0%
BITSFR23             0      0       0      24        0.0%
SFR23                0      0       0      24        0.0%
BITSFR24             0      0       0      25        0.0%
SFR24                0      0       0      25        0.0%
BITSFR25             0      0       0      26        0.0%
SFR25                0      0       0      26        0.0%
BITSFR26             0      0       0      27        0.0%
SFR26                0      0       0      27        0.0%
BITSFR27             0      0       0      28        0.0%
SFR27                0      0       0      28        0.0%
BITSFR28             0      0       0      29        0.0%
SFR28                0      0       0      29        0.0%
BITSFR29             0      0       0      30        0.0%
SFR29                0      0       0      30        0.0%
BITSFR30             0      0       0      31        0.0%
SFR30                0      0       0      31        0.0%
BITSFR31             0      0       0      32        0.0%
SFR31                0      0       0      32        0.0%


Microchip Technology PIC Macro Assembler V2.46 build 20240104201356 
Symbol Table                                                                                   Wed Mar 04 16:05:12 2026

                                      _D2 0074                                        _D3 0040  
                                      l32 04D8                                        l35 04DD  
                                      l29 0460                                        l38 0505  
                                      l74 04B7                                        _CS 00A0  
                         _timer0ReloadVal 0044                                       l105 0447  
                                     l124 048C                                       l301 00D3  
                                     l310 00FD                                       l311 00F9  
                                     l151 04EF                                       l304 00E9  
                                     l241 03B8                                       l313 00FB  
                                     l305 00E5                                       l137 0501  
                                     l322 0125                                       l331 0137  
                                     l323 0121                                       l307 00E7  
                                     l252 03DF                                       l260 0395  
                                     l340 0161                                       l316 0111  
                                     l245 03D2                                       l237 03B5  
                                     l341 015D                                       l325 0123  
                                     l317 010D                                       l334 014D  
                                     l166 04E7                                       l247 03D4  
                                     l239 03B7                                       l263 03A5  
                                     l255 038C                                       l351 01B1  
                                     l343 015F                                       l335 0149  
                                     l319 010F                                       l271 005E  
                                     l407 02E9                                       l256 037F  
                                     l352 0189                                       l328 0139  
                                     l280 0096                                       l272 005C  
                                     l249 03D5                                       l361 019B  
                                     l353 0185                                       l337 014B  
                                     l329 0135                                       l281 008A  
                                     l346 0175                                       l274 007A  
                                     l186 04C4                                       l355 0187  
                                     l347 0171                                       l283 008C  
                                     l275 006F                                       l267 01C2  
                                     l292 00C1                                       l380 0402  
                                     l189 042C                                       l365 01AD  
                                     l349 0173                                       l293 00BD  
                                     l277 0071                                       l269 0059  
                                     l381 0408                                       l373 03EC  
                                     l358 019D                                       l286 00AD  
                                     l382 0409                                       l374 03ED  
                                     l367 01AF                                       l359 0199  
                                     l295 00BF                                       l287 00A6  
                                     l383 040F                                       l375 03F3  
                                     l376 03F4                                       l289 00A8  
                                     l385 0410                                       l377 03FA  
                                     l298 00D5                                       l378 03FB  
                                     l458 033E                                       l299 00D1  
                                     l379 0401                                       _PR2 001B  
                         _timer1ReloadVal 0035                           _TMR2_Initialize 04E8  
                                     wreg 0009                  __end_of_ECCP3_Initialize 04E8  
                             ?_LED_output 0076                                      l2100 0374  
                                    l2020 042D                                      l2110 0390  
                                    l2102 0378                                      l2030 043F  
                                    l2022 0430                                      l2104 037C  
                                    l2040 04D6                                      l2032 0441  
                                    l2024 0432                                      l2016 04FC  
                                    l2120 0448                                      l2018 0411  
                                    l2130 03C1                                      l2122 03A6  
                                    l2114 0399                                      l2106 0383  
                                    l2210 0101                                      l2202 00ED  
                                    l2050 04BE                                      l2034 0443  
                                    l2026 043C                                      l2042 0502  
                                    l2124 03AD                                      l2132 03C4  
                                    l2108 0387                                      l2220 0119  
                                    l2212 0105                                      l2204 00F1  
                                    l2052 04C0                                      l2044 04B8  
                                    l2036 04D2                                      l2028 043E  
                                    l2060 04EB                                      l2300 03EA  
                                    l2134 03CA                                      l2142 03DE  
                                    l2126 03B3                                      l2118 039E  
                                    l2230 0131                                      l2222 011D  
                                    l2214 0109                                      l2206 00F5  
                                    l2150 0054                                      l2070 04E2  
                                    l2054 04C1                                      l2046 04BB  
                                    l2038 04D5                                      l2062 04EC  
                                    l2310 040D                                      l2302 03F1  
                                    l2136 03D0                                      l2128 03B9  
                                    l2160 0072                                      l2152 0055  
                                    l2144 0046                                      l2072 04E3  
                                    l2056 04C2                                      l2048 04BC  
                                    l2080 04AF                                      l2064 04ED  
                                    l2304 03F8                                      l2320 0289  
                                    l2312 0279                                      l2138 03D6  
                                    l2250 0165                                      l2242 0151  
                                    l2234 013D                                      l2226 0129  
                                    l2218 0115                                      l2170 009A  
                                    l2162 007E                                      l2154 0063  
                                    l2146 004D                                      l2074 04E5  
                                    l2066 04DE                                      l2090 0483  
                                    l2082 04B0                                      l2058 04E8  
                                    l2306 03FF                                      l2330 0299  
                                    l2322 028C                                      l2314 027F  
                                    l2260 017D                                      l2252 0169  
                                    l2244 0155                                      l2236 0141  
                                    l2228 012D                                      l2180 00B5  
                                    l2172 009E                                      l2164 0082  
                                    l2156 0067                                      l2068 04E1  
                                    l2092 0484                                      l2084 0479  
                                    l2076 04AB                                      l2308 0406  
                                    l2340 02B2                                      l2332 029E  
                                    l2324 028E                                      l2316 0281  
                                    l2270 0195                                      l2262 0181  
                                    l2254 016D                                      l2246 0159  
                                    l2238 0145                                      l2190 00CD  
                                    l2182 00B9                                      l2174 00A2  
                                    l2166 0086                                      l2158 006B  
                                    l2094 0485                                      l2086 047E  
                                    l2078 04AE                                      l2342 02B7  
                                    l2334 02A3                                      l2326 0294  
                                    l2318 0287                                      l2096 036A  
                                    l2176 00A9                                      l2168 008D  
                                    l2088 0481                                      l2344 02BC  
                                    l2336 02A8                                      l2360 0335  
                                    l2098 036F                                      l2290 01B8  
                                    l2274 01A1                                      l2266 018D  
                                    l2258 0179                                      l2194 00D9  
                                    l2186 00C5                                      l2178 00B1  
                                    l2282 01B1                                      l2346 02C1  
                                    l2338 02AD                                      l2370 0343  
                                    l2362 0336                                      l2292 01BC  
                                    l2276 01A5                                      l2268 0191  
                                    l2196 00DD                                      l2188 00C9  
                                    l2348 02C3                                      l2356 02C6  
                                    l2380 0356                                      l2372 0346  
                                    l2364 0337                                      l2278 01A9  
                                    l2198 00E1                                      l2294 03E0  
                                    l2390 035F                                      l2382 035A  
                                    l2374 0349                                      l2366 033C  
                                    l2358 032A                                      l2288 01B3  
                                    l2296 03E5                                      l2384 035B  
                                    l2376 034F                                      l2368 0340  
                                    l2298 03E6                                      l2386 035D  
                                    l2378 0354                                      l2388 035E  
                                    u3000 0181                                      u3001 0180  
                                    u3010 0185                                      u3011 0184  
                                    u3100 01C2                                      u3020 018D  
                                    u2300 04DD                                      u3101 01C1  
                                    u3021 018C                                      u2301 04DC  
                                    _LATA 010C                                      u2310 0374  
                                    u3030 0191                                      u3110 03EA  
                                    _LATB 010D                                      u2311 0373  
                                    u3031 0190                                      u3111 03E9  
                                    _LATC 010E                                      u2400 03AD  
                                    u2320 0378                                      u3040 0195  
                                    u3120 03F1                                      u3200 033C  
                                    u2401 03AC                                      u2321 0377  
                                    u3041 0194                                      u3121 03F0  
                                    u3201 033B                                      _LATE 0110  
                                    u2410 03B3                                      u2330 037C  
                                    u3050 0199                                      u3130 03F8  
                                    u3210 034F                                      u2411 03B2  
                                    u2331 037B                                      u3051 0198  
                                    u3131 03F7                                      u3211 034E  
                                    u2420 03CA                                      u2340 0383  
                                    u3060 01A1                                      u2500 007E  
                                    u3140 03FF                                      u3220 0354  
                                    u2421 03C9                                      u2341 0382  
                                    u3061 01A0                                      u2501 007D  
                                    u3141 03FE                                      u3221 0353  
                                    u2430 03D0                                      u2350 0387  
                                    u3070 01A5                                      u2510 0082  
                                    u3150 0406                                      u2431 03CF  
                                    u2351 0386                                      u3071 01A4  
                                    u2511 0081                                      u3151 0405  
                                    u2360 0390                                      u3080 01A9  
                                    u2600 00B9                                      u2520 0086  
                                    u2440 0053                                      u3160 040D  
                                    u2361 038F                                      u3081 01A8  
                                    u2601 00B8                                      u2521 0085  
                                    u2441 0052                                      u3161 040C  
                                    u2370 0394                                      u3090 01AD  
                                    u2610 00BD                                      u2530 008A  
                                    u2450 0059                                      u3170 027F  
                                    u2371 0393                                      u3091 01AC  
                                    u2611 00BC                                      u2531 0089  
                                    u2451 0058                                      u3171 027E  
                                    u2380 0399                                      u2700 00ED  
                                    u2620 00C5                                      u2540 009A  
                                    u2460 0063                                      u3180 0287  
                                    u2381 0398                                      u2701 00EC  
                                    u2621 00C4                                      u2541 0099  
                                    u2461 0062                                      u3181 0286  
                                    u2390 039D                                      u2710 00F1  
                                    u2630 00C9                                      u2550 009E  
                                    u2470 0067                                      u3190 0294  
                                    u2295 0422                                      u2391 039C  
                                    u2711 00F0                                      u2631 00C8  
                                    u2551 009D                                      u2471 0066  
                                    u3191 0293                                      u2800 011D  
                                    u2720 00F5                                      u2640 00CD  
                                    u2560 00A2                                      u2480 006B  
                                    u2801 011C                                      u2721 00F4  
                                    u2641 00CC                                      u2561 00A1  
                                    u2481 006A                                      u2810 0121  
                                    u2730 00F9                                      u2650 00D1  
                                    u2570 00A6                                      u2490 006F  
                                    u2811 0120                                      u2731 00F8  
                                    u2651 00D0                                      u2571 00A5  
                                    u2491 006E                                      u2900 0151  
                                    u2820 0129                                      u2740 0101  
                                    u2660 00D9                                      u2580 00B1  
                                    u2901 0150                                      u2821 0128  
                                    u2741 0100                                      u2661 00D8  
                                    u2581 00B0                                      u2910 0155  
                                    u2830 012D                                      u2750 0105  
                                    u2670 00DD                                      u2590 00B5  
                                    u2911 0154                                      u2831 012C  
                                    u2751 0104                                      u2671 00DC  
                                    u2591 00B4                                      u2920 0159  
                                    u2840 0131                                      u2760 0109  
                                    u2680 00E1                                      u2921 0158  
                                    u2841 0130                                      u2761 0108  
                                    u2681 00E0                                      u2930 015D  
                                    u2850 0135                                      u2770 010D  
                                    u2690 00E5                                      u2931 015C  
                                    u2851 0134                                      u2771 010C  
                                    u2691 00E4                                      u2940 0165  
                                    u2860 013D                                      u2780 0115  
                                    u2941 0164                                      u2861 013C  
                                    u2781 0114                                      u2950 0169  
                                    u2870 0141                                      u2790 0119  
                                    u2951 0168                                      u2871 0140  
                                    u2791 0118                                      u2960 016D  
                                    u2880 0145                                      u2961 016C  
                                    u2881 0144                                      u2970 0171  
                                    u2890 0149                                      u2971 0170  
                                    u2891 0148                                      u2980 0179  
                                    i1l53 0012                                      u2981 0178  
                                    u2990 017D                                      u2991 017C  
                                    i1l58 0024                                      i1l59 0024  
                                    _PLLR 04D6                                      _TMR0 0015  
                                    _TMR2 001A                                      _WPUB 020D  
                                    _WPUE 0210                       ECCP3_CallBack@HI_us 0073  
                     ECCP3_CallBack@LO_us 0072                                      _main 032A  
                                    fsr0h 0005                                      fsr1h 0007  
                                    indf0 0000                                      fsr0l 0004  
                                    indf1 0001                                      fsr1l 0006  
                                    _step 0041                                      btemp 007E  
                     ECCP3_CallBack@fHead 0038                                      start 0026  
                   ??_EPWM1_LoadDutyValue 0047                   __end_of_TMR0_Initialize 048D  
          ??_TMR0_DefaultInterruptHandler 0076             __end_of_OSCILLATOR_Initialize 04DE  
                                   ?_main 0076                                     _T1CON 0018  
                                   _T2CON 001C                                     i1l130 0478  
                                   i1l140 0506                                     i1l134 04D1  
                                   i1l431 0249                                     i1l433 01DD  
                                   i1l169 04AA                                     i1l442 023B  
                                   i1l436 020B                                     i1l452 049B  
                                   i1l448 0278                  __end_of_TMR0_EvenHandler 049C  
                                   _TMR1H 0017                                     _TMR1L 0016  
                                   _TRISA 008C                                     _TRISB 008D  
                                   _TRISC 008E                                     _TRISE 0090  
               ?_TMR0_SetInterruptHandler 0045                __end_of_Exception_handling 03E0  
                        __end_of_TMR0_ISR 0479                            _WDT_Initialize 0502  
                 __end_of_TMR1_Initialize 04B8                                     pclath 000A  
                                   status 0003                                     wtemp0 007E  
            ECCP3_CallBack@pluse_width_HI 002D              ECCP3_CallBack@pluse_width_LO 002F  
                    __end_of_getFrameData 02EA                           __initialization 0028  
                            __end_of_main 036A                   __end_of_TMR2_Initialize 04F0  
             ?_INTERRUPT_InterruptManager 0076                                    ??_main 004E  
         ECCP3_CallBack@falling_edge_time 0070                    __end_of_WDT_Initialize 0506  
                                  _CCPR1H 0292                                    _CCPR3H 0312  
                                  _CCPR1L 0291                                    _CCPR3L 0311  
                                  _APFCON 011D                                    _ANSELA 018C  
                                  _ANSELB 018D                                    _BORCON 0116  
                                  _T1GCON 0019                                    u120_20 01D6  
                                  u120_21 01D5                                    u121_20 01FB  
                                  i1l1640 01C3                                    i1l1552 048D  
                                  i1l1720 0461                                    u121_21 01FA  
                                  i1l1650 01D7                                    i1l1642 01CA  
                                  i1l1730 049E                                    i1l1554 0492  
                                  i1l1722 0462                                    i1l1660 0202  
                                  i1l1644 01D0                                    i1l1732 04A3  
                                  i1l1556 0498                                    i1l1636 04C5  
                                  i1l1724 0472                                    i1l1670 021B  
                                  i1l1662 0208                                    i1l1654 01F5  
                                  i1l1646 01D6                                    i1l1558 049A  
                                  i1l1638 04CC                                    i1l1726 0475  
                                  u130_20 0263                                    i1l1680 0245  
                                  i1l1672 021D                                    i1l1664 020D  
                                  u122_20 0208                                    i1l1656 01FB  
                                  i1l1728 049C                                    u130_21 0262  
                                  u122_21 0207                                    i1l1690 026A  
                                  i1l1682 0246                                    i1l1674 0223  
                                  i1l1666 0213                                    i1l1658 01FF  
                                  i1l1692 0276                                    i1l1676 0230  
                                  i1l1668 0219                                    i1l1684 024A  
                                  u130_25 025F                                    i1l1686 0250  
                                  i1l1678 023F                                    i1l1688 0263  
                                  u123_20 0213                                    _DRL_ON 036A  
                                  u123_21 0212                                    i1l1970 0006  
                                  i1l1980 0020                                    i1l1972 000A  
                                  i1l1974 000E                                    u124_20 0219  
                                  u116_20 0498                                    u140_20 0472  
                                  i1l1976 0016                                    u124_21 0218  
                                  u116_21 0497                                    u140_21 0471  
                                  i1l1978 001B                                    u125_20 0223  
                                  u221_20 000A                                    u125_21 0222  
                                  u221_21 0009                                    u118_20 04CC  
                                  u222_20 000E                                    u118_21 04CB  
                                  u222_21 000D                                    u126_24 0228  
                                  u126_25 0227                                    u119_20 01CA  
                                  u223_20 0016                                    u119_21 01C9  
                                  u223_21 0015                                    u127_24 0235  
                                  u127_25 0234                                    u128_20 0245  
                                  u224_20 001B                                    u128_21 0244  
                                  u224_21 001A                                    u129_20 0250  
                                  u225_20 0020                                    u129_21 024F  
                                  u225_21 001F                                    _OSCCON 0099  
                                  _WDTCON 0097                               LED_output@i 004D  
                            _CCPTMRS0bits 029E            ECCP3_CallBack@rising_edge_time 002B  
                                  _csFlag 003F                          ?_TMR0_Initialize 0076  
                       ?_ECCP3_CaptureISR 0076                           ?_WDT_Initialize 0076  
                      ??_ECCP3_CaptureISR 007A                                _fException 003D  
                   __end_of_TMR0_CallBack 04D2  TMR0_SetInterruptHandler@InterruptHandler 0045  
                   ECCP3_CallBack@diff_us 003A                          ?_TMR1_Initialize 0076  
                       _SYSTEM_Initialize 0448                   __end_of__initialization 0042  
                      ?_SYSTEM_Initialize 0076                         ?_EPWM1_Initialize 0076  
                          __pcstackCOMMON 0076                              __pidataBANK1 02EA  
                     ??_SYSTEM_Initialize 0047                                 ?_TMR0_ISR 0076  
                      ??_EPWM1_Initialize 0045                          ?_TMR2_Initialize 0076  
                          _OPTION_REGbits 0095                     TMR0_ISR@CountCallBack 0031  
                            ??_LED_output 004B                 __end_of_SYSTEM_Initialize 0461  
                       ?_ECCP3_Initialize 0076                                __pbssBANK0 0020  
                                 ?_DRL_ON 0076                        ??_ECCP3_Initialize 0045  
                              __pmaintext 032A          __end_of_TMR0_SetInterruptHandler 0502  
                              ??_TMR0_ISR 0077                                __pintentry 0004  
                                 _CCP1CON 0293                                   _CCP3CON 0313  
                                 _ECCP1AS 0295                        __end_of_LED_output 01C3  
                            _getFrameData 0279                         ?_TMR0_EvenHandler 0076  
                                 _OSCTUNE 0098                                   _PWM1CON 0294  
                      ??_TMR0_EvenHandler 0076               __end_of_EPWM1_LoadDutyValue 042D  
                      _Exception_handling 03A6                                 _T10MS_CNT 003E  
                     ?_Exception_handling 0076                            _ECCP3_CallBack 01C3  
                                 __ptext1 0279                                   __ptext2 03E0  
                                 __ptext3 0448                                   __ptext4 0502  
                                 __ptext5 04E8                                   __ptext6 04AB  
                                 __ptext7 0479                                   __ptext8 04FC  
                                 __ptext9 042D                     _OSCILLATOR_Initialize 04D2  
                           ??_check_input 0045                    ECCP3_CaptureISR@module 007A  
                ??_PIN_MANAGER_Initialize 0045                             _data_1byte_OK 0043  
                                 _rx_data 0075                      ??_Exception_handling 0049  
                                 clrloop0 04F7                      end_of_initialization 0042  
                                 init_ram 04F0                                   initloop 04F1  
                             _fException2 003C                    __end_of_ECCP3_CallBack 0279  
                  ECCP3_CallBack@data_cnt 0037                          ??_WDT_Initialize 0045  
                _TMR0_SetInterruptHandler 04FC                                 _PORTBbits 000D  
                     __end_of_check_input 0411                            __end_of_DRL_ON 03A6  
                         ?_ECCP3_CallBack 0076                    ?_OSCILLATOR_Initialize 0076  
                     start_initialization 0028                            LED_output@crc8 004C  
            EPWM1_LoadDutyValue@dutyValue 0045                                  ??_DRL_ON 0049  
                               _fFrame_OK 0042                               __pdataBANK1 00A0  
                               _fLampSide 003B                            DRL_ON@pwm_duty 0049  
                             __pbssCOMMON 0070                               _check_input 03E0  
                               ___latbits 0002                             __pcstackBANK0 0045  
                   _TMR0_InterruptHandler 0033                    _PIN_MANAGER_Initialize 042D  
            ??_INTERRUPT_InterruptManager 007C                             _TMR0_CallBack 04C5  
                       ??_TMR0_Initialize 0047                          _ECCP3_CaptureISR 049C  
                                _LATAbits 010C                                  _LATBbits 010D  
                                _LATCbits 010E                                 clear_ram0 04F6  
                                _PIE3bits 0093                ??_TMR0_SetInterruptHandler 0047  
                                _PIR1bits 0011                                  _PIR3bits 0013  
                                _TMR0_ISR 0461                                  _PSTR1CON 0296  
                       ??_TMR1_Initialize 0045                          _EPWM1_Initialize 04B8  
                          ?_TMR0_CallBack 0076                         ??_TMR2_Initialize 0045  
                        ??_ECCP3_CallBack 0078                          _ECCP3_Initialize 04DE  
                 ??_OSCILLATOR_Initialize 0045               ECCP3_CallBack@capturedValue 0076  
            ECCP3_CallBack@rise_edge_flag 0039                                  _data_buf 0020  
                                __ptext10 04D2                                  __ptext11 04B8  
                                __ptext20 0506                                  __ptext12 04DE  
                                __ptext21 048D                                  __ptext13 0046  
                                __ptext22 049C                                  __ptext14 036A  
                                __ptext23 01C3                                  __ptext15 03A6  
                                __ptext16 0411                                  __ptext18 0461  
                                __ptext19 04C5                          _TMR0_EvenHandler 048D  
    __end_of_TMR0_DefaultInterruptHandler 0507              _TMR0_DefaultInterruptHandler 0506  
                                int$flags 007E        __end_of_INTERRUPT_InterruptManager 0026  
              _INTERRUPT_InterruptManager 0004                             ?_getFrameData 0076  
                              _INTCONbits 000B                              ?_check_input 0076  
                         ??_TMR0_CallBack 0077                                _LED_output 0046  
                                intlevel1 0000                   ?_PIN_MANAGER_Initialize 0076  
           ?_TMR0_DefaultInterruptHandler 0076                            ??_getFrameData 0045  
                __end_of_ECCP3_CaptureISR 04AB                                _OPTION_REG 0095  
                         _TMR0_Initialize 0479                       _EPWM1_LoadDutyValue 0411  
          __end_of_PIN_MANAGER_Initialize 0448                           _TMR1_Initialize 04AB  
                __end_of_EPWM1_Initialize 04C5                      ?_EPWM1_LoadDutyValue 0045  
